was fue
was estaba
was era
other otras
other otro
other otros
american americano
american american
american estadounidense
american americanos
american americana
where where
where donde
where adonde
where dónde
players jugadores
players reproductores
although aunque
too también
too too
too demasiado
too tambien
office oficinas
office oficina
office office
office despacho
archived archivado
archived archivados
role rol
act ley
act acta
act acto
act act
robert robert
robert roberto
template plantilla
private privados
private privadas
private privado
private privada
seven siete
seven seven
html html
fourth cuarto
fourth cuarta
populated poblada
populated poblado
populated pobladas
engine motores
engine motor
fine bien
fine fine
fine fino
kind amable
claimed reclamado
claimed reclamó
claimed reclamadas
claimed alegó
claimed reclamada
gets obtiene
direct directa
direct directo
direct directamente
direct direct
direct directos
direct directas
completely totalmente
completely completamente
von von
territory territorio
parents progenitores
parents padres
tried intenté
tried intentado
tried probado
wall muralla
wall pared
wall murallas
wall muro
duke duque
duke ducado
duke duke
giving dándole
giving dandole
giving regalando
giving dando
origin procedencia
origin origen
allows permite
presence presencia
expansion ampliación
expansion expansión
guidelines pautas
guidelines orientaciones
guidelines directrices
lyrics letra
lyrics letras
pilot pilot
pilot piloto
wind viento
diego diego
detroit detroit
update actualizar
update actualización
historian historiador
kitt kitt
influenced influido
influenced influenciada
influenced influenciado
influenced influenciados
josé josé
focused concentrado
focused enfocado
focused enfocada
focused centrado
focused concentrados
jimmy jimmy
jimmy jaime
indonesia indonesia
indonesia indonesio
looked miré
bot bot
collaboration colaborar
collaboration colaboración
insurance aseguradoras
insurance seguros
insurance aseguradora
insurance seguro
thailand tailandia
journey travesía
journey viaje
journey trayecto
finishing finalizando
finishing terminando
finishing acabado
finishing acabando
slow despacito
slow lentitud
slow lento
slow lenta
slow lentos
poverty pobreza
measures medidas
send enviar
send envíe
send mandar
requests solicita
requests peticiones
requests solicitudes
monitored vigilado
monitored supervisado
crash choque
crash crash
crash accidente
crash caída
tone tonos
tone tono
franchise franquicias
franchise franquicia
alive viva
alive vivos
alive vivo
alive alive
foster foster
muslims musulmana
muslims musulmanes
muslims musulmán
attributed atribuida
attributed atribuidas
attributed atribuidos
attributed atribuido
attributed atribuyó
ref árbitro
ref ref
ref referí
metric métricas
metric métrica
surviving sobreviviendo
surviving sobrevivir
jon jon
transition transición
leo león
leo leo
ferry ferry
ferry transbordador
ferry transbordadores
promoting promocionar
promoting promocionando
promoting promoviendo
dramatic dramática
dramatic dramáticos
dramatic dramáticas
dramatic dramático
asp asp
connections conexiones
accessed consultado
accessed accedido
lisa lisa
forty cuarenta
forty forty
novelist novelista
blocking bloqueando
blocking bloqueo
blocking bloquear
respective respectivo
respective respectivas
respective respectiva
respective respectivos
recovered recuperado
recovered recuperadas
recovered recuperados
recovered recuperada
nobel nobel
recognised reconocido
recognised reconocidas
recognised reconocidos
recognised reconocida
veteran veterano
veteran veteranos
wise sabia
wise sabios
wise wise
wise sabias
wise sabio
altitude altitud
recurring recurrente
recurring recurrentes
liu liu
indie indie
arrives llega
lighting iluminación
lighting alumbrado
recall recordar
gravity gravedad
exploration prospección
exploration exploración
exploration exploraciones
sheep ovino
sheep ovinos
sheep ovejas
sheep oveja
praise elogio
praise elogios
praise alabanza
praise alabanzas
praise alabado
authorized autorizado
authorized autorizadas
authorized autorizados
authorized autorizada
deer ciervos
deer ciervo
deer venado
sanctuary santuario
diana diana
tel tel
flute flauta
acknowledged reconocido
acknowledged reconoció
acknowledged reconocidos
acknowledged reconocida
likewise igualmente
richards richards
dubbed doblada
dubbed apodado
lok lok
licensing licencias
licensing licencia
jorge jorge
tanzania tanzania
intensity intensidad
mature maduras
mature madurar
mature madura
mature maduro
insufficient insuficiente
insufficient insuficientes
insert inserte
insert inserta
insert insertar
surfaces superficies
nationals nacionales
assembled montado
assembled reunido
assembled reunidos
boyfriend novio
boyfriend novios
jung jung
genuine genuina
genuine genuinos
genuine genuino
overcome superar
overcome superada
overcome superación
holidays feriados
holidays vacaciones
holidays fiestas
holidays festivos
scots escoceses
scots escocesa
scots escocés
suffer sufren
suffer sufrir
suffer sufre
lópez lópez
shed cobertizo
shed derramada
comparative comparativo
comparative comparado
comparative comparativas
comparative comparativa
flowering floración
flowering floreciendo
flowering florecimiento
varsity varsity
loud ruidoso
similarities similitudes
similarities semejanzas
nina nina
possess poseer
possess poseen
deadly mortífero
deadly mortales
deadly mortal
shooter tirador
shooter shooter
packers packers
tri tri
agnes inés
agnes ines
agnes agnes
paolo paolo
lamb lamb
lamb cordero
fin aleta
fin fin
cake pastel
cake bizcocho
cake torta
cake tarta
hobart hobart
meyrick meyrick
employers empleadores
employers patronal
employers patrones
employers patronos
employers empresarios
iconic emblemático
iconic icónico
gym gimnasio
gym gym
gym gimnasia
licenses licencias
assam assam
campuses campus
traders comerciantes
inability incapacidad
inability imposibilidad
nyc nyc
soup sopa
basil basil
basil basilio
basil albahaca
combinations combinaciones
theologian teólogo
disposal eliminación
exploitation explotación
nominal nominales
nominal nominal
melissa melissa
prayers rezos
prayers oraciones
prayers plegarias
prayers oración
fitting apropiado
loaned cedido
loaned prestado
markers marcadores
levi levi
catcher catcher
thirteenth decimotercera
thirteenth decimotercer
stressed subrayó
stressed estresado
stressed subrayado
gong gong
heroic heroico
heroic heroicos
heroic heroica
coats abrigos
mia mia
mia mía
usaf usaf
secretaries secretarias
secretaries secretarías
secretaries secretarios
expresses expresa
smell olor
smell olfato
smell oler
smell huele
smell aroma
calculus cálculo
mackay mackay
imaginary imaginaria
imaginary imaginario
imaginary imaginarios
adapt adaptarse
adapt adaptación
adapt adaptar
employing empleando
employing emplear
ambient ambiente
ambient ambiental
biographer biógrafo
testified testificó
odi odi
kidnapping secuestro
kidnapping secuestros
kidnapping rapto
reconciliation reconciliación
reconciliation conciliación
odyssey odisea
papa papá
papa papa
kicking patear
kicking pateando
kicking patadas
forks tenedores
forks horquillas
soloist solista
courier correo
courier mensajero
courier mensajería
ascent ascensión
ascent ascenso
shit mierda
leopard leopardo
sensation sensación
sensation sensaciones
tallinn tallin
migrants inmigrantes
migrants emigrantes
migrants migrantes
butt trasero
butt culo
affinity afinidad
milestone hito
spear lanza
beaux beaux
motifs motivos
whitish blanquecino
cantonese cantones
cantonese cantonés
stefano stefano
bathroom baño
destroys destruye
arenas arenas
arenas estadios
pledged prometido
pledged prometidos
depressed depresivo
depressed deprimida
depressed deprimido
depressed deprimidos
wonderland wonderland
meg meg
casualty bajas
casualty siniestro
unreasonable irracional
cylinders cilindros
sonia sonia
implication implicación
chimney chimenea
chimney chimeneas
mei mei
marius mario
marius marius
coincided coincidió
coincided coincidieron
coincided coincidido
coded codificado
coded codificada
coded codificados
duplication duplicación
nepalese nepalí
nepalese nepal
underwood underwood
evangelist evangelista
köln köln
recommends recomienda
alvarez alvarez
alvarez álvarez
breuning breuning
shrimp camarón
shrimp langostinos
shrimp gambas
shrimp camarones
shrimp gamba
novak novak
tata tata
occurrences ocurrencias
policemen policías
reacted reaccionado
reacted reaccionó
reacted reaccionaron
seo seo
commodities productos
commodities mercancías
blaine blaine
grasses pastos
palms palmeras
palms palmas
greenberg greenberg
mavericks mavericks
fourier fourier
siegfried siegfried
shouting gritando
abducted secuestrada
abducted secuestrados
abducted secuestrado
andersson andersson
fairchild fairchild
nominally nominalmente
beers cervezas
braga braga
permissions permisos
authentication autenticación
authentication autentificación
overture obertura
jimmie jimmie
pharmaceuticals farmacéuticos
pharmaceuticals farmacéutica
pharmaceuticals farmacéutico
dahl dahl
braking frenando
braking frenado
greenfield greenfield
flair flair
skirt falda
reflex reflejo
reflex reflejos
murcia murcia
puget puget
hormones hormonas
antibiotics antibiótico
antibiotics antibióticos
indira indira
goodness bondad
yuki yuki
projectile proyectil
projectile proyectiles
bloch bloch
trumpeter trompetista
rainer rainer
vicky vicky
pageants desfiles
burgh burgh
interpersonal interpersonales
stills stills
anthropologists antropólogos
grizzlies grizzlies
mayfield mayfield
lucille lucille
reclaim reclamar
reclaim reclame
sewing costura
sewing cosiendo
sewing coser
walkers caminantes
nagpur nagpur
impetus ímpetu
impetus impulso
summon convocar
summon invocar
catania catania
meng meng
rodolfo rodolfo
dessert postres
dessert postre
flea pulgas
flea pulga
invoke invocar
invoke invoca
invoke invocan
furness furness
duisburg duisburg
etienne étienne
etienne etienne
narrows narrows
narrows estrechos
narrows estrecha
reis reis
denominational confesionales
baptised bautizada
baptised bautizado
baptised bautizados
pyramids pirámides
khanate kanato
asunción asunción
kickstarter kickstarter
downed derribado
smolensk smolensk
dsm dsm
sublime sublime
bea bea
epistle epístola
mcmanus mcmanus
howitzer obús
sendai sendai
philosophies filosofías
yom yom
iodine yodo
mather mather
alden alden
monoxide monóxido
moncton moncton
pauli pauli
unfavorable desfavorable
unfavorable desfavorables
undermined socavado
assemblyman asambleísta
transnational transnacional
transnational transnacionales
sturm sturm
professionalism profesionalismo
professionalism profesionalidad
ids identificaciones
ids identificadores
schmitt schmitt
scripps scripps
dehydrogenase deshidrogenasa
crocker crocker
defer diferir
defer aplazar
recovers recupera
malt malta
raza raza
boardwalk boardwalk
nürnberg nuremberg
syd syd
bakr bakr
birkenhead birkenhead
bartender camarero
bartender cantinero
bartender barman
moorish moro
moorish moros
ronaldo ronaldo
playlist playlist
fatherland patria
aia aia
pleading alegato
pleading suplicando
pleading súplicas
dacia dacia
villarreal villarreal
shaken agitado
shaken sacudido
shaken sacudida
firewall firewall
firewall cortafuegos
lps lps
comprehensiveness exhaustividad
ide ide
kwon kwon
inaccuracies inexactitudes
caters atiende
pesos pesos
bahasa bahasa
gainsborough gainsborough
rabat rabat
jumbo jumbo
gunman pistolero
nee nee
weary cansado
chatter charla
weiner weiner
empower empoderar
empower potenciar
empower empoderamiento
burrow madriguera
kissed besó
kissed besado
albatross albatros
fostered fomentado
selectors selectores
revolts revueltas
stationery papelería
guilds gremios
ghats ghats
cristóbal cristóbal
plywood contrachapado
casket cofre
casket ataúd
bibliographic bibliográfica
bibliographic bibliográficos
compagnie compagnie
hesitation vacilación
helpless indefensa
helpless desamparados
helpless indefenso
helpless impotente
helpless indefensos
behaves comporta
montessori montessori
foundational fundacional
sampdoria sampdoria
andretti andretti
penrose penrose
ute ute
warhammer warhammer
bram bram
undocumented indocumentados
typography tipografía
croat croata
ibsen ibsen
gramophone gramófono
aristocrats aristócratas
jardin jardin
wag wag
toon toon
acapulco acapulco
genomics genómica
industrialized industrializados
industrialized industrializadas
industrialized industrializado
detriment detrimento
discern discernir
conmebol conmebol
activision activision
src src
schoenberg schoenberg
hernando hernando
virginity virginidad
chino chino
corrigan corrigan
clam almeja
clam almejas
matty matty
c@h c@h
aoi aoi
parabolic parabólica
sheryl sheryl
treachery traición
toussaint toussaint
boosting impulsar
gros gros
debit débito
gondola góndola
romulus romulus
sow puerca
sow sembrar
sow siembra
sow cerda
marv marv
croce croce
noi noi
parson párroco
affirmation afirmación
herne herne
polygons polígonos
bowdoin bowdoin
leamington leamington
seng seng
whitmore whitmore
wandsworth wandsworth
piloting pilotaje
warne warne
northwood northwood
goff goff
admonished amonestó
bakker bakker
revoke revocación
revoke revocar
iota iota
almagro almagro
disproportionately desproporcionadamente
dieppe dieppe
doreen doreen
sangam sangam
eon eon
standish standish
imre imre
masson masson
mts mts
evangelism evangelismo
comforts confort
comforts comodidades
pawns peones
sik sik
cubans cubanos
retraction retracción
overcrowded hacinamiento
bobbie bobbie
abound abundan
dello dello
intensify intensificar
intensify intensificación
intensify intensifica
intensify intensifican
ramblers ramblers
daria daria
trotskyist trotskista
cmos cmos
stavropol stavropol
prenatal prenatales
prenatal prenatal
polygram polygram
kwh kwh
cellphone celular
kwai kwai
metering medición
hoisted izada
ecu ecu
uncovering descubriendo
herat herat
eldon eldon
alcalá alcalá
bodleian bodleiana
chipset chipset
zamalek zamalek
clinicians clínicos
sheboygan sheboygan
bačka bačka
sca sca
sorghum sorgo
disparities disparidades
disparities desigualdades
accented acentuados
govinda govinda
darter darter
superpower superpotencia
towne towne
palearctic paleártico
pharma pharma
giroux giroux
ruston ruston
maximizing maximizar
ganz ganz
milanese milanés
kasper kasper
anni anni
discreet discreto
discreet discreta
discreet discretos
wga wga
borac borac
biometric biométricos
pedophile pedofilia
pedophile pedófilo
tous tous
girdle faja
ferrand ferrand
cliffhanger cliffhanger
hyder hyder
maung maung
bashkortostan bashkortostán
chandos chandos
pirelli pirelli
inherits hereda
astrophysicist astrofísico
forde forde
gau gau
tambov tambov
resonator resonador
jonesboro jonesboro
skoda skoda
teak teca
inkscape inkscape
authorizes autoriza
zan zan
powhatan powhatan
scheer scheer
convents conventos
kantō kantō
pires pires
große große
noxious nocivos
noxious nocivo
noxious nociva
noxious nocivas
foxy foxy
accuser acusador
komi komi
vigilantes vigilantes
einem einem
thad thad
bindings ataduras
bullard bullard
honorius honorio
miri miri
oradea oradea
granules gránulos
vindication reivindicación
redefine redefinir
redefine redefinición
iro iro
platnick platnick
retinue comitiva
retinue séquito
fedor fedor
mamluks mamelucos
molasses melaza
jarman jarman
oglethorpe oglethorpe
gyeongsang gyeongsang
paradiso paradiso
mayday auxilio
mayday mayday
winkle winkle
huo huo
josefa josefa
eamon eamon
kadokawa kadokawa
femininity feminidad
lum lum
deuterium deuterio
tyndale tyndale
schoolgirl colegiala
chara chara
paparazzi paparazzi
harrowing desgarradora
springboks springboks
nasi nasi
kryptonite kryptonita
bistro bistro
baidu baidu
stjepan stjepan
redeeming redentor
redeeming canjear
calcite calcita
tyner tyner
enos enos
galilei galilei
morgenstern morgenstern
beaconsfield beaconsfield
permissive permisiva
gabba gabba
progesterone progesterona
loggins loggins
godley godley
belvoir belvoir
wahl wahl
zsa zsa
taki taki
bruises hematomas
bruises contusiones
bruises moretones
platypus ornitorrinco
antigone antígona
koe koe
gleizes gleizes
mobilizing movilizar
mobilizing movilización
mobilizing movilizando
cling aferrarse
abstentions abstenciones
capoeira capoeira
whitcomb whitcomb
revitalized revitalizado
belated tardía
sayer sayer
anza anza
kabhi kabhi
pontevedra pontevedra
moti moti
fara fara
misiones misiones
kuril kuriles
swp swp
horrendous horrenda
horrendous horrendo
ledesma ledesma
generality generalidad
balthazar balthazar
balthazar baltasar
varnish barniz
varnish barnices
ennobled ennoblecido
bilingualism bilingüismo
thf thf
heung heung
muskingum muskingum
larch alerce
importers importadores
landfills vertederos
brienne brienne
maduro maduro
hann hann
haight haight
surpasses supera
surpasses sobrepasa
demosthenes demóstenes
singularities singularidades
tero tero
callas callas
ciao ciao
metabolized metabolizado
admiring admirando
admiring admirar
tomboy marimacho
gump gump
lgbtq lgbtq
michelson michelson
toner tóner
craton cratón
formalities formalidades
formalities trámites
sledgehammer mazo
sledgehammer maza
gimeno gimeno
globus globus
vod vod
niobium niobio
cohan cohan
concertante concertante
fertilisation fecundación
fertilisation fertilización
faustino faustino
trixie trixie
ius ius
maersk maersk
vinh vinh
reformists reformistas
ibex ibex
wilf wilf
sockers sockers
teater teater
maior maior
svn svn
kurtis kurtis
vyborg vyborg
bjarne bjarne
bribing sobornar
montaigne montaigne
bolingbroke bolingbroke
cont cont
manipulator manipulador
maccabees macabeos
chenango chenango
librairie librairie
mcbain mcbain
leggett leggett
pompeo pompeo
potemkin potemkin
scull scull
eroding erosionando
rovere rovere
hakodate hakodate
uomo uomo
cerevisiae cerevisiae
toot toot
schwa schwa
litters camadas
shakin shakin
petén petén
subdivide subdividir
nesbit nesbit
bandura bandura
condiments condimentos
rosenblatt rosenblatt
modulators moduladores
streda streda
gerontology gerontología
mcilroy mcilroy
dakotas dakotas
madina madina
accusers acusadores
picea picea
anopheles anopheles
wilbert wilbert
margaretha margaretha
ironstone siderita
nebo nebo
entrapment atrapamiento
nahe nahe
mlp mlp
kerner kerner
backpacking mochilero
apollinaire apollinaire
gnp pnb
mcduffie mcduffie
avilés avilés
lioness leona
carneiro carneiro
neoclassicism neoclasicismo
drax drax
bronfman bronfman
carolus carolus
cadell cadell
staves duelas
enticed seducido
enticed atraídos
infallibility infalibilidad
pinder pinder
hyperplasia hiperplasia
arnaz arnaz
androscoggin androscoggin
crispa crispa
herning herning
resetting restablecer
margolis margolis
poste poste
classifiers clasificadores
senshi senshi
gagged amordazado
roza roza
goodrem goodrem
perkin perkin
delineate delinear
suga suga
starman starman
strutt strutt
fln fln
maruyama maruyama
kodama kodama
glace glace
fainting desmayarse
fainting desmayos
fainting desmayo
tonopah tonopah
mcglynn mcglynn
squawk graznido
taishō taishō
bormann bormann
lakeville lakeville
bandage vendaje
bandage venda
bandage vendas
broadwater broadwater
pidgeon pidgeon
usu usu
dummer dummer
dubia dubia
ruprecht ruprecht
curiae curiae
recuperation recuperación
silverado silverado
surmise conjetura
surmise suponer
tacna tacna
penna penna
steinhardt steinhardt
cadenza cadenza
banksy banksy
waukegan waukegan
milam milam
scolded regañado
elli elli
pyrotechnic pirotécnicos
doig doig
karak karak
lilium lilium
sickles hoces
sakaguchi sakaguchi
shovels palas
spoilt estropeado
świdnica świdnica
ausgabe ausgabe
barzani barzani
stokowski stokowski
nori nori
harmonization armonización
interviewers entrevistadores
hegemonic hegemónica
pininfarina pininfarina
drini drini
contemptuous despectivo
potosi potosí
novelties novedades
suchet suchet
wedel wedel
hanif hanif
lxi lxi
triplemanía triplemanía
nyíregyháza nyíregyháza
yani yani
hadar hadar
hasina hasina
top}} top}}
plage plage
hensel hensel
cbp cbp
membranous membranosas
blamey blamey
skua skua
proteolytic proteolítica
bolaños bolaños
tvt tvt
wey wey
arik arik
deleon deleon
chuckie chuckie
ciliary ciliar
yıldız yıldız
interprovincial interprovincial
endow dotar
altiplano altiplano
anabaptists anabaptistas
padlock candado
velvety aterciopelado
candia candia
aegina egina
trenitalia trenitalia
maka maka
kazama kazama
univers univers
yuzhno yuzhno
lorber lorber
fervently fervientemente
penne penne
rorke rorke
pivoting pivotante
fenix fenix
knotts knotts
villette villette
rtb rtb
arabiya arabiya
transferases transferasas
ismay ismay
istvan istvan
chartist cartista
tatsuo tatsuo
shreve shreve
oriol oriol
yerkes yerkes
issy issy
morgoth morgoth
breaux breaux
damen damen
deron deron
mcw mcw
shuang shuang
pygmies pigmeos
runt runt
yoshinobu yoshinobu
gse gse
mien mien
centripetal centrípeta
dihydrogen dihidrógeno
longshot longshot
circumvention elusión
persecute persigan
persecute perseguir
persecute persiguen
omri omri
pergola pérgola
viljoen viljoen
morons imbéciles
morons idiotas
langenburg langenburg
obradović obradović
ekaterinburg ekaterinburg
andresen andresen
honk bocina
skirted bordeó
normalised normalizada
normalised normalizado
kermode kermode
microbiologists microbiólogos
muff muff
btv btv
hypnotize hipnotizar
skra skra
phillippe phillippe
romulo romulo
shur shur
neoplasia neoplasia
arazi arazi
chlamydia clamidia
telepaths telépatas
akihiro akihiro
ketamine ketamina
lue lue
spyker spyker
liliane liliane
gianluigi gianluigi
yogananda yogananda
bracciali bracciali
radula rádula
kkr kkr
tourenwagen tourenwagen
bednarek bednarek
prosaic prosaico
acculturation aculturación
aramis aramis
forschungen forschungen
mobi mobi
eriko eriko
mwanza mwanza
floribunda floribunda
armadillos armadillos
jože jože
vereniging vereniging
tegel tegel
şehzade şehzade
mosfet mosfet
durlach durlach
hiccups hipo
crematoria crematorios
alkanes alcanos
zellweger zellweger
lucienne lucienne
vagrancy vagancia
piñera piñera
passim passim
bodmer bodmer
brydon brydon
quel quel
ocelli ocelos
manti manti
verger verger
ivens ivens
brickman brickman
mariology mariología
triangulum triangulum
buchwald buchwald
mnr mnr
marth marth
eiga eiga
eichhorn eichhorn
pieds pieds
angewandte angewandte
epicurean epicúreo
lipschitz lipschitz
curicó curicó
polyakov polyakov
fredericia fredericia
microclimate microclima
barahona barahona
celestia celestia
avarice avaricia
fertilize fertilizar
joust justa
scabies sarna
leeb leeb
rancagua rancagua
mané mané
khanates kanatos
danja danja
lavie lavie
otakar otakar
abbado abbado
meagan meagan
uvalde uvalde
teva teva
macrocarpa macrocarpa
pyrrhic pírrica
méthode méthode
brigadeführer brigadeführer
mesenteric mesentérica
pamuk pamuk
giovane giovane
bebearia bebearia
loamy limosos
quagga quagga
gackt gackt
capelle capelle
varanus varanus
tiridates tirídates
kyocera kyocera
espinho espinho
disassociate disociar
tanners curtidores
railgun railgun
tangipahoa tangipahoa
mervin mervin
westen westen
rouleau rouleau
gulfs golfos
capuano capuano
tatort tatort
andreea andreea
ciano ciano
deluise deluise
neumark neumark
tvo tvo
bridgette bridgette
boombox boombox
unselfish desinteresado
kamera kamera
axn axn
gummi gummi
gomera gomera
baier baier
artzit artzit
bernalillo bernalillo
euskomedia euskomedia
baena baena
layard layard
sakari sakari
adour adour
giroud giroud
sloman sloman
salminen salminen
rowohlt rowohlt
schumpeter schumpeter
atropine atropina
christenson christenson
markle markle
cornelisz cornelisz
apatosaurus apatosaurus
filioque filioque
kreisler kreisler
crumpled arrugado
agardh agardh
osteichthyes osteichthyes
erbe erbe
prudhomme prudhomme
bericht bericht
incoherence incoherencia
thijs thijs
schocken schocken
mudhoney mudhoney
montejo montejo
slavonski slavonski
#music #música
octahedra octaedros
elsner elsner
grisea grisea
rosselló rosselló
belin belin
ades ades
regionalligas regionalligas
apparatuses aparatos
sakaki sakaki
zenaida zenaida
desiderio desiderio
menopausal menopausia
hennie hennie
mazzoni mazzoni
consoled consolado
lúcio lúcio
gloriana gloriana
zoé zoé
ananias ananías
terris terris
tremblant tremblant
rapeseed colza
melania melania
negan negan
cherubs querubines
predicative predicativo
rickles rickles
ivanka ivanka
forebrain prosencéfalo
mct mct
torturer torturador
brianti brianti
tickling cosquillas
feudatory feudatario
arafura arafura
taurasi taurasi
ineffable inefable
borch borch
camargue camargue
katzenelnbogen katzenelnbogen
wegman wegman
beausejour beausejour
nati nati
citoyen citoyen
cazorla cazorla
oosting oosting
ipek ipek
félicité félicité
qanat qanat
brambilla brambilla
commodification mercantilización
ernani ernani
imploring implorando
pileggi pileggi
bool bool
impac impac
clytemnestra clitemnestra
gavrilo gavrilo
andrada andrada
trente trente
perls perls
friedrichs friedrichs
yūichi yūichi
jewison jewison
haliotis haliotis
vincenti vincenti
ehrenreich ehrenreich
zfs zfs
josselin josselin
omac omac
guarino guarino
knickers bragas
barbeque parrillada
barbeque barbacoa
lingala lingala
interdimensional interdimensional
premaxilla premaxilar
naloxone naloxona
gaskets juntas
rire rire
westjet westjet
dookie dookie
holopainen holopainen
obrecht obrecht
lysistrata lisístrata
zhoushan zhoushan
bundesrepublik bundesrepublik
uhura uhura
kalayaan kalayaan
kazusa kazusa
neuroblastoma neuroblastoma
jowell jowell
bellboy botones
reflexivity reflexividad
chrysippus crisipo
fasces fasces
saltator saltator
getae getas
kalem kalem
psychopharmacology psicofarmacología
molossus molossus
tangere tangere
ofra ofra
rangefinders telémetros
collectif collectif
bewegung bewegung
staatskapelle staatskapelle
stadttheater stadttheater
alofa alofa
glatch glatch
gallet gallet
reti reti
zep zep
shinedown shinedown
zuiderzee zuiderzee
teatret teatret
magnin magnin
blinder blinder
maass maass
#your #tu
pernilla pernilla
triumvir triunviro
dacosta dacosta
montanum montanum
euroseries euroseries
jdk jdk
chainsaws motosierras
guttatus guttatus
ensoniq ensoniq
cassirer cassirer
attractors atractores
thyroxine tiroxina
annuaire annuaire
tomodachi tomodachi
floridana floridana
treptow treptow
himawari himawari
durward durward
salvatierra salvatierra
sternal esternal
borgward borgward
voinea voinea
calheta calheta
phthalate ftalato
hayata hayata
parfum parfum
massari massari
guénon guénon
daken daken
jovana jovana
whigham whigham
marsyas marsias
misako misako
reinsertion reinserción
songhay songhay
tripitaka tripitaka
alagoano alagoano
ballas ballas
marstrand marstrand
knightmare knightmare
hellbound hellbound
cryopreservation criopreservación
scientism cientificismo
hinter hinter
sorbitol sorbitol
langeland langeland
transfection transfección
memoire mémoire
trémoille trémoille
gellert gellert
gubbins gubbins
annius annio
filiformis filiformis
koharu koharu
freguesias freguesias
rinat rinat
ishizuka ishizuka
bort bort
classicists clasicistas
huichol huichol
diaphragmatic diafragmática
agesilaus agesilao
ysaÿe ysaÿe
svb svb
ichthyosis ictiosis
biosystems biosystems
benzie benzie
scythes guadañas
radishes rábanos
kazantzakis kazantzakis
chigorin chigorin
leder leder
loog loog
treron treron
nydia nydia
timbiriche timbiriche
knx knx
ginnastica ginnastica
mirafra mirafra
keytar keytar
infraordo infraordo
albom albom
aquilina aquilina
dago dago
gastroesophageal gastroesofágico
onsager onsager
woos corteja
lackeys lacayos
duby duby
panik panik
menhirs menhires
kreisky kreisky
amarth amarth
webgl webgl
firestarter firestarter
rando rando
gherardo gherardo
curculionidae curculionidae
cavallari cavallari
ryohei ryohei
revillagigedo revillagigedo
erbium erbio
tempura tempura
iguala iguala
stringy fibrosa
olaso olaso
lastra lastra
winkelmann winkelmann
tinderbox polvorín
musicae musicae
stryfe stryfe
lúthien lúthien
spreewald spreewald
cappa cappa
arani arani
nagamasa nagamasa
evigan evigan
udder ubre
pulmonology neumología
scavolini scavolini
cañizares cañizares
yei yei
cchs chs
reginae reginae
grunberg grunberg
ope ope
pustules pústulas
stebe stebe
griechische griechische
arrigoni arrigoni
suber suber
eclogue égloga
postmodernity posmodernidad
matanikau matanikau
liolaemus liolaemus
thrawn thrawn
or}} o}}
oseltamivir oseltamivir
hamata hamata
vram vram
navona navona
afarensis afarensis
benzaldehyde benzaldehído
zonotrichia zonotrichia
kikyo kikyo
baryonic bariónica
minidisc minidisc
koochiching koochiching
santillan santillán
christianize cristianizar
guesclin guesclin
hassen hassen
musgraves musgraves
netapp netapp
ax^ ax^
porcius porcio
subh subh
lachen lachen
aeromarine aeromarine
asmar asmar
bougainvillea bougainvillea
silvino silvino
pilo pilo
roka roka
hydrocortisone hidrocortisona
fennica fennica
tetrahydrofuran tetrahidrofurano
alexandro alexandro
rutenberg rutenberg
eyak eyak
corneas córneas
szalay szalay
mazz mazz
stolonifera stolonifera
chott chott
zoospores zoosporas
urbaniana urbaniana
treize treize
vaccinate vacunar
interdental interdental
grønland grønland
unda unda
semigallia semigalia
depopulating despoblando
papercut papercut
turntablism turntablism
korsakoff korsakoff
zoellick zoellick
statistica statistica
icsc capi
mandula mandula
zakhar zajar
charito charito
caucasia caucasia
iser iser
locrian locrio
courson courson
ozyptila ozyptila
ii, ii,
melian melian
kopecký kopecký
kinetochore cinetocoro
économiques économiques
crenulata crenulata
gugino gugino
calotes calotes
tropaeolum tropaeolum
saronic sarónico
coelestis coelestis
penthesilea pentesilea
sourire sourire
govaerts govaerts
eumorpha eumorpha
alaminos alaminos
pantries despensas
momi momi
baillet baillet
wicksell wicksell
bouazizi bouazizi
korth korth
handal handal
liborio liborio
castillejo castillejo
retsuden retsuden
aminta aminta
salaria salaria
kaida kaida
rathke rathke
kinugasa kinugasa
unalterable inalterable
perspektiven perspektiven
makina makina
gliomas gliomas
comores comores
furosemide furosemida
cerrato cerrato
kosai kosai
wrongdoer malhechor
capite capite
perceptron perceptrón
trochilus trochilus
garcin garcin
brandybuck brandigamo
pleine pleine
baus baus
landesbank landesbank
nečas nečas
milva milva
olivi olivi
reitzel reitzel
shandi shandi
splenomegaly esplenomegalia
reithrodontomys reithrodontomys
darro darro
alluaudi alluaudi
zimbio zimbio
amylose amilosa
estepona estepona
goatherd cabrero
unseld unseld
yomo yomo
ichiki ichiki
rōnin rōnin
riquier riquier
burkle burkle
cona cona
aica aica
winitsky winitsky
liquidambar liquidambar
paladini paladini
rootlets raicillas
tauraco tauraco
allociné allociné
aksana aksana
antagonisms antagonismos
spieler spieler
calaway calaway
conifa conifa
mezquital mezquital
eurosonic eurosonic
linthal linthal
lapi lapi
kreisberg kreisberg
zadkine zadkine
jindrak jindrak
priorat priorat
priorat priorato
mitsumasa mitsumasa
quas quas
cheli cheli
debusschere debusschere
monami monami
sursee sursee
pandorica pandórica
odet odet
alburnus alburnus
fixity fijeza
ghirardi ghirardi
dumanoir dumanoir
estefania estefania
barbat barbat
uloborus uloborus
paluzzi paluzzi
babinski babinski
chievoverona chievoverona
mormont mormont
miera miera
brantôme brantôme
alatorre alatorre
forn forn
castelnaudary castelnaudary
peñalver peñalver
polemonium polemonium
qpsk qpsk
kokutai kokutai
