was fut
was etait
was était
two two
two deux
discussion discussions
discussion discussion
discussion débat
january janvier
name nommer
name nom
name dénomination
name noms
final définitif
final finale
final final
final définitive
http http
european européens
european européennes
european européenne
european européen
important importante
important important
important importantes
important importants
act agir
act loi
act acte
act act
professional professionnels
professional professionnelle
professional professionnel
professional professionnelles
human humaine
human humains
human humain
opened ouvert
technology technologique
technology technologies
technology technologie
results résultats
characters personnages
characters caractères
eight huit
eight eight
associated associée
associated associées
iii iii
appearance apparence
appearance apparition
appearance aspect
polish polonaise
polish polonaises
polish polonais
frank franck
frank frank
format formater
format format
raised élevé
raised soulevées
forms formes
forms formulaires
authority autorité
entered entré
entered entrés
crew équipage
crew équipages
faith faith
faith foi
containing contenant
nov novembre
nov nov
otherwise autrement
otherwise sinon
andrew andrew
andrew andré
positions positions
declared déclarées
declared déclarée
declared déclaré
declared déclarés
constitution constitution
athletics athlétisme
oklahoma oklahoma
alliance alliance
alliance alliances
tools outillage
tools outils
denmark danemark
valid valables
valid valide
valid valable
valid valides
represent représenter
represent représentent
borough arrondissement
borough borough
fought combattu
constituency circonscription
voting vote
voting voter
voting votants
baron baron
stuff trucs
bot bot
socialist socialistes
socialist socialiste
proved prouvé
proved prouvée
proved prouvées
proved prouvés
sentences phrases
victims victimes
disney disney
associate associé
associate associés
associate associée
associate associer
roll rouler
roll roll
roll rouleau
frequency répétition
frequency périodicité
frequency fréquence
frequency fréquences
uncle tonton
uncle oncle
cook cuisiner
cook cuisinier
cook cuire
cook cook
cook cuisinière
horror horreur
commerce commerce
essentially essentiellement
essentially fondamentalement
favor faveur
martial martial
martial martiaux
circumstances circonstances
democrats démocrates
democrats démocrate
mathematical mathématique
mathematical mathématiques
tourist touriste
denver denver
clock horloge
clock horloges
signing signer
signing signant
signing signature
citizen citoyenne
citizen citoyen
demolished démolis
demolished démoli
demolished démolie
cooperation coopération
cooperation coopérations
newcastle newcastle
gross dégoûtant
gross gross
gross brut
gross brutes
gross brute
pitch lancer
pitch pitch
geographic géographique
geographic géographiques
situations situations
qualification qualifications
qualification qualification
parameters paramètres
phillips philips
phillips phillips
beta beta
beta bêta
beta béta
manufactured fabriqués
manufactured fabriqué
ram ram
ram bélier
math maths
math mathématique
math mathématiques
episcopal épiscopale
aerial antenne
aerial aérien
aerial aérienne
acquisition acquisition
independently indépendamment
cornwall cornouailles
cornwall cornwall
chi chi
certificate certificats
certificate attestation
certificate certificat
mammals mammifères
mammals mammifère
probability probabilités
probability probabilité
probability vraisemblance
mechanics mécano
mechanics mécaniciens
mechanics mécanique
mechanics mécanicien
mechanics mécaniques
inches pouces
inches centimètres
wishes voeux
wishes désirs
wishes souhaits
wishes souhaite
wishes vœux
forcing forçant
forcing forcer
enrolled inscrits
enrolled inscrit
receiver récepteur
receiver destinataire
receiver receveur
logical logique
logical logiques
agenda agenda
sculptures sculptures
particle particule
particle particules
construct construire
tenor ténor
stamp cachet
stamp timbre
stamp timbres
stamp poinçon
stamp tampon
demanded exigé
skull crâne
skull crânes
stationed stationnés
stationed stationné
rubber caoutchouc
rifles fusils
rifles carabines
ain aïn
ain ain
watts watt
watts watts
bombardment bombardement
bombardment bombardements
lunar lunaire
stefan stéphane
stefan stefan
castro castro
clinic clinique
clinic dispensaire
cheshire cheshire
carey carey
hampton hampton
wheat froment
wheat blé
leather cuir
leather cuirs
payments paiement
payments paiements
auction enchères
auction enchère
slopes pentes
slopes pistes
flowing coulant
mongolia mongolie
transactions opérations
transactions transactions
controller manette
controller contrôleur
constantine constantin
constantine constantine
#ffffff #ffffff
talented talentueux
talented douée
talented talentueuse
investigating enquêter
convincing convaincre
convincing convaincante
convincing convaincant
convincing convaincants
backs dos
bart bart
agnes agnès
agnes agnes
byron byron
dirt saleté
dirt crasse
advancement avancement
projection saillie
projection projection
projection projections
gfdl gfdl
strand volet
strand brin
employ emploient
tunes mélodies
tunes airs
accent accentué
accent accentuation
accent accent
accent accents
snails escargots
holden holden
garde garde
fcc fcc
fcc csa
sexually sexuellement
stein stein
alley alley
alley allée
alley ruelle
castile castille
khorasan khorasan
awkward gênant
awkward maladroit
awkward embarrassant
samurai samurai
samurai samouraï
samurai samouraïs
apologies excuses
confluence confluence
confluence confluent
bubble bulle
bubble bubble
bubble bulles
unionist syndicaliste
unionist unioniste
immunity immunités
immunity immunité
reorganized réorganisée
reorganized réorganisé
comma virgule
reconstructed reconstitué
reconstructed reconstruits
reconstructed reconstruite
reconstructed reconstruit
kang kang
seventeenth xviie
seventeenth seventeenth
fuck merde
fuck putain
fuck baiser
fuck baise
fuck fuck
baja baja
debts dettes
mortal mortels
mortal mortel
mortal mortelle
unification unification
unification réunification
cartoonist dessinateur
asphalt bitume
asphalt asphalte
shan shan
weighed pesé
weighed pesée
preacher prédicateur
preacher pasteur
collects recueille
collects collectionne
reconciliation rapprochement
reconciliation conciliation
reconciliation réconciliation
reconciliation rapprochements
ghetto ghetto
ljubljana ljubljana
pol pol
flavor saveur
darts fléchettes
eaton eaton
excerpt extrait
burnett burnett
stratford stratford
substrate substrat
substrate substrats
padres padres
malone malone
devastating dévastateur
devastating dévastateurs
devastating dévastatrice
emilio emilio
terminals terminaux
terminals bornes
rappers rappeurs
doping dopage
herd troupeau
nora nora
whig whig
krai kraï
snooker billard
retaliation représailles
retaliation rétorsion
retaliation riposte
bernhard bernhard
tehsil tehsil
reminded rappelé
organizers organisateurs
buyer acquéreur
buyer acheteur
mag mag
tactic tactique
scheduling ordonnancement
bucket godet
bucket seau
zeller zeller
surfing surf
fiona fiona
selo selo
outlines contours
indexed indexé
indexed indexés
indexed indexées
indexed indexée
manfred manfred
obstacle obstacle
revisited revisité
pumping pompage
medicines médicaments
eugène eugène
stereotypes stéréotypes
stereotypes stéréotype
lucknow lucknow
cheating tricherie
cheating tricher
cheating tromperie
cheating triche
yeast levures
yeast levure
rani rani
octave octave
egyptians egyptiens
egyptians égyptiens
cicero cicéron
fuzzy floue
gambia gambie
guarantees garanties
patti patti
repeal abroger
repeal abrogation
pictorial picturale
grasses graminées
hangar hangar
sousa sousa
doses doses
theta theta
identifier identificateur
identifier identifiant
deportation expulsion
deportation déportations
deportation déportation
fallon fallon
bestseller bestseller
isla isla
tariff tarifaire
tariff tarifaires
tariff tarif
waits attend
oven four
este este
wilton wilton
fujian fujian
branching branchement
kellogg kellogg
substrates substrats
rankin rankin
combo combinaison
combo combo
ami ami
outrageous scandaleux
outrageous scandaleuse
layered superposés
chromosomes chromosomes
pronounce prononcer
pronounce prononce
afrikaans afrikaans
dissident dissidente
dissident dissidents
dissident dissident
dissident dissidence
djibouti djibouti
spitfire spitfire
sawmill scieries
sawmill scierie
burbank burbank
buren buren
moo moo
stigma stigmates
stigma stigmatisation
stigma opprobre
floats chars
floats flotteurs
artemis artemis
cardboard carton
pinball pinball
pinball flipper
sheen sheen
ivor ivor
königsberg königsberg
sociologists sociologues
cessna cessna
urges exhorte
wheaton wheaton
trafalgar trafalgar
childbirth accouchements
childbirth accouchement
dessert dessert
tobin tobin
chadwick chadwick
connectors connecteurs
martyrdom martyr
martyrdom martyre
reforming réformer
selfish égoïsme
selfish égoïstes
selfish égoïste
cora cora
cora caro
savanna savane
aggregation agrégation
enclave enclave
gunners artilleurs
vigorously vigoureusement
vigorously énergiquement
gabriela gabriela
cultura cultura
dewitt dewitt
amphoe amphoe
horner horner
capacitor condensateur
welt welt
sweets sucreries
sweets bonbons
sweets friandises
sweets confiseries
sweets douceurs
entomologist entomologiste
entrepreneurial entrepreneuriale
assimilated assimilés
assimilated assimilé
assimilated assimilée
assimilated assimilées
richly richement
conscientious consciencieux
codified codifiées
codified codifié
codified codifiés
codified codifiée
soares soares
cctv cctv
nuisance nuisance
nuisance nuisances
australis australis
fps fps
ids identifiants
ids ids
envy envier
envy envie
envy jalousie
envy envieux
tanzanian tanzanienne
tanzanian tanzanien
removable amovible
removable amovibles
fable fable
razed rasée
macgregor macgregor
mace mace
mace massue
synthpop synthpop
toowoomba toowoomba
decidedly décidément
rooftop toit
tambourine tambourin
brentwood brentwood
koh koh
svalbard svalbard
seam filon
seam coutures
seam veine
cabo cabo
hertford hertford
dms dms
evanston evanston
aegis égide
mong mong
pershing pershing
heist casse
confessor inquisitrice
intestine intestin
intestine intestins
gpu gpu
bahasa bahasa
guilford guilford
afflicted affligé
afflicted affligés
stripping décapage
howrah howrah
nonexistent inexistante
nonexistent inexistantes
nonexistent inexistants
nonexistent inexistant
zvezda zvezda
abilene abilene
shao shao
homelessness itinérance
yeats yeats
deutsches deutsches
cunha cunha
lexikon lexikon
swinton swinton
texan texan
knit tricot
knit tricoter
excommunicated excommunié
lonnie lonnie
sakha sakha
trentino trentin
maddox maddox
aoc aoc
doran doran
silvery argenté
haunt hanter
haunt hante
haunt hantent
gaon gaon
roulette roulette
dung bouse
dung fumier
buchan buchan
fra}} fra}}
tum tum
permutation permutation
thirdly troisièmement
kalmar kalmar
presumptive présomption
saladin saladin
donny donny
wto omc
wto omt
compilers compilateur
compilers compilateurs
hadi hadi
ryukyu ryukyu
janitor concierge
azeri azerbaïdjanais
azeri azéri
obese obèse
obese obèses
intravenous intraveineuse
kirchner kirchner
decepticons decepticons
lisboa lisboa
persson persson
insulated isolées
insulated isolés
insulated isolée
insulated isolé
nav nav
hernando hernando
patagonia patagonie
sages sages
sør sør
carlow carlow
bohr bohr
stalked traqué
jukebox jukebox
jukebox juke
gist gist
collaborates collabore
startups startups
phu phu
diesels diesels
makati makati
jpl jpl
spvgg spvgg
toa toa
sassanid sassanide
standoff impasse
zbigniew zbigniew
metabolites métabolite
metabolites métabolites
pcc pcc
condolences condoléances
decency décence
expended dépensée
expended dépensé
expended dépensés
skis skis
fannie fannie
schilling schilling
napoca napoca
grips poignées
rapist violeur
chairwoman présidente
muses muses
crowther crowther
rsfsr rsfsr
eunuch eunuque
cassettes cassettes
minot minot
beret béret
beret beret
acquittal acquittement
hawes hawes
rutledge rutledge
trento trente
fermat fermat
hypocritical hypocrites
hypocritical hypocrite
oshkosh oshkosh
sayed sayed
#for #pour
delimitation délimitation
kwong kwong
cordova cordoue
valdivia valdivia
starry étoilée
starry étoilé
abbeville abbeville
enmity inimitié
enmity hostilité
rachmaninoff rachmaninoff
jeter jeter
seitz seitz
kincaid kincaid
masking masquage
lumen lumen
forel forel
inheriting hériter
ayub ayub
groot groot
ruud ruud
lapd lapd
giza gizeh
ukr ukr
wootton wootton
perforated perforation
perforated perforé
perforated perforées
shem shem
inanimate inanimés
humbert humbert
gripping saisissant
blackheath blackheath
iga iga
diwan diwan
transplanted transplanté
aristide aristide
hein hein
ehud ehud
toho toho
silicone silicone
anglers pêcheurs
donatello donatello
gers gers
dialysis dialyse
ewa ewa
impediment empêchement
yamuna yamuna
salting salage
torrential torrentielles
koehler koehler
frail fragile
frail frêle
thorp thorp
nla nla
taunting narguer
glued collées
glued collée
glued collés
glued collé
brinkley brinkley
cuatro cuatro
luster lustre
rehearsed répété
hashtag hashtag
charadriiformes charadriiformes
intestines intestin
intestines intestins
intestines boyaux
tfl tfl
wetter wetter
centurions centurions
dene dene
manet manet
armadillo tatou
scaffolding échafaudage
scaffolding échafaudages
edelman edelman
psychotria psychotria
dingo dingo
howells howells
snub retroussé
spitz spitz
catheter cathéter
tarantula tarentule
scams arnaques
scams escroqueries
scams escroquerie
kendo kendo
ano ano
enugu enugu
wik wik
muskogee muskogee
banfield banfield
earhart earhart
perpetuity perpétuité
subs remplaçants
npl npl
pacquiao pacquiao
vilna vilna
último último
mexicano mexicano
ignaz ignaz
ratcliffe ratcliffe
benzodiazepines benzodiazépines
gobind gobind
mustapha mustapha
dian dian
deadman deadman
ardmore ardmore
excite exciter
excite excite
mccready mccready
nuffield nuffield
wasteful gaspillage
maliki maliki
barometric barométrique
enda enda
exporters exportateurs
lumsden lumsden
usopen usopen
aro aro
debug debug
debug débogage
geer geer
encephalitis encéphalite
mbs mbs
shampoo shampoing
shampoo shampooing
rube rube
vallecano vallecano
minolta minolta
brac brac
bhg bhg
wolcott wolcott
murrow murrow
arora arora
mulcahy mulcahy
odette odette
gwyneth gwyneth
transgression transgression
albers albers
rapists violeurs
enos enos
ssd ssd
snelling snelling
lug lug
gmelin gmelin
marbella marbella
reyna reyna
frieda frieda
spandau spandau
motagua motagua
snows neiges
sombra sombra
appreciable appréciables
appreciable appréciable
manukau manukau
irreverent irrévérencieux
impure impur
jyväskylä jyväskylä
staphylococcus staphylococcus
rickenbacker rickenbacker
watchmaker horloger
stoneham stoneham
feliz feliz
nitin nitin
dominus dominus
choked étranglé
choked étouffé
évora évora
più più
fleas puces
legitimize légitimer
geraint geraint
totalitarianism totalitarisme
armorial armorial
lard lard
lard saindoux
tablelands tablelands
ramana ramana
conciliatory conciliant
bouzouki bouzouki
allure allure
ferencváros ferencváros
quicken quicken
kohen kohen
organically organiquement
lucasarts lucasarts
bellmare bellmare
grower cultivateur
mostafa mostafa
steppenwolf steppenwolf
aeon aeon
crocidura crocidura
sissy sissy
thirtieth trentième
unidos unidos
kirin kirin
deum deum
olli olli
ivf fiv
ivf fécondation
bra}} bra}}
trapani trapani
alu alu
welby welby
scalability évolutivité
ionosphere ionosphère
kaul kaul
românia românia
voa voa
composting compostage
pms pms
benedetti benedetti
revell revell
fizz fizz
pfg pfg
laon laon
siddhartha siddhartha
surcharge surtaxe
surcharge surcharge
surcharge supplément
boaz boaz
vanda vanda
vinh vinh
tdc tdc
lacombe lacombe
masaaki masaaki
wronged lésés
skeeter skeeter
apolitical apolitique
freiberg freiberg
perceptive perspicace
normality normalité
strangle étrangler
dentition dentition
montaigne montaigne
finlayson finlayson
escudero escudero
från från
breitbart breitbart
codrington codrington
bhatia bhatia
skylar skylar
leaching lixiviation
leaching lessivage
donaghy donaghy
anhydrous anhydre
lumumba lumumba
psilocybe psilocybe
wooten wooten
pudong pudong
renan renan
ldl ldl
waregem waregem
bloodhound limier
benham benham
desiree désirée
desiree desiree
starogard starogard
jaworski jaworski
perro perro
eklund eklund
nishikori nishikori
pascale pascale
sewall sewall
obeys obéit
zil zil
margaretha margaretha
mława mława
lactation allaitement
lactation lactation
vil vil
maul maul
kare kare
brega brega
humana humana
sqrt sqrt
stratos stratos
parkman parkman
angara angara
indecency indécence
ganassi ganassi
dockers dockers
pyke pyke
petrucci petrucci
carden carden
pinkie pinky
pinkie pinkie
pinkie auriculaire
sprinkle saupoudrer
rectification rectification
danmarks danmarks
lafleur lafleur
eba abe
fabián fabián
ambrogio ambrogio
concerti concerti
llagostera llagostera
gutman gutman
haft haft
schwaben schwaben
slipstream hyperespace
sayid sayid
stallman stallman
saccharomyces saccharomyces
macerata macerata
nrj nrj
fbc fbc
cloche cloche
beekman beekman
enqvist enqvist
bregenz bregenz
końskie końskie
busko busko
tillie tillie
casks fûts
casks tonneaux
parisians parisiens
jyllands jyllands
droppings déjections
droppings fientes
droppings crottes
sontag sontag
mll mll
hoban hoban
kunth kunth
pique pique
mondrian mondrian
macbride macbride
mance mance
destinies destins
trashed saccagé
birney birney
pozzo pozzo
narthex narthex
trevino trevino
choiseul choiseul
tarp bâche
idiocy idiotie
muskrat muskrat
grasset grasset
cdo cdo
pretzel bretzel
pisz pisz
kone kone
tanana tanana
eggleston eggleston
burgin burgin
elissa elissa
benidorm benidorm
fabiola fabiola
spivak spivak
haqqani haqqani
marigny marigny
samhita samhita
ergonomic ergonomie
ergonomic ergonomique
ergonomic ergonomiques
cvc cvc
analyte analyte
dominika dominika
kagame kagame
maximiliano maximiliano
faenza faenza
vesa vesa
euxoa euxoa
victorino victorino
halligan halligan
comanches comanches
haga haga
subconsciously inconsciemment
pavlyuchenkova pavlyuchenkova
xkcd xkcd
tartarus tartare
essa essa
contemporanea contemporanea
ostrov ostrov
ntu ntu
peleliu peleliu
andromedae andromedae
newbold newbold
reith reith
sousse sousse
perea perea
juliusz juliusz
stinking puant
grégory grégory
initio initio
vaqueros vaqueros
voskhod voskhod
sinop sinop
vasilis vasilis
rivista rivista
bronchial bronchique
giglio giglio
heatley heatley
wigram wigram
alleyne alleyne
precipice précipice
malignancy malignité
pagliacci pagliacci
houseman houseman
cama cama
morimoto morimoto
vlaamse vlaamse
dykstra dykstra
sigur sigur
villena villena
merida merida
hawn hawn
closets placards
râmnicu râmnicu
morgoth morgoth
referenda référendums
hirt hirt
sailer sailer
diarrhoea diarrhée
diarrhoea diarrhées
wok wok
tizi tizi
xuxa xuxa
jsr jsr
larose larose
grund grund
gou gou
sehgal sehgal
pirandello pirandello
plex plex
lynden lynden
iiia iiia
pwc pwc
shylock shylock
broyles broyles
pizzicato pizzicato
westfall westfall
prata prata
nishida nishida
unreachable inaccessible
unreachable injoignable
mobo mobo
aeruginosa aeruginosa
leadbeater leadbeater
municipios municipios
incisions incisions
gabel gabel
megaton megaton
routh routh
rawicz rawicz
ayla ayla
gaijin gaijin
oiled huilé
jambi jambi
pančevo pančevo
hartog hartog
margulies margulies
bamberger bamberger
meisel meisel
toponymic toponymiques
naypyidaw naypyidaw
maxis maxis
chemnitzer chemnitzer
peruana peruana
minibuses minibus
dockery dockery
euphoric euphorie
euphoric euphorique
malahide malahide
heino heino
eir eir
lxii lxii
hadj hadj
silverchair silverchair
risi risi
suba suba
cantona cantona
crossbones crossbones
sacd sacd
matejko matejko
xliv xliv
dishonorable déshonorant
kediri kediri
livid livide
wchl wchl
maillard maillard
jansch jansch
farhat farhat
synchrony synchronie
seppuku seppuku
tuque tuque
tvi tvi
arouca arouca
kwik kwik
berto berto
telematics télématique
exigua exigua
sturgess sturgess
pasqual pasqual
menthol menthol
matadors matadors
skagway skagway
italiane italiane
mcaleese mcaleese
zhai zhai
bohai bohai
lindon lindon
normalcy normalité
dfg dfg
gaea gaea
manco manco
öztürk öztürk
amanmuradova amanmuradova
gili gili
lingen lingen
woodgate woodgate
zer zer
frankl frankl
omori omori
cch cch
versuch versuch
verapaz verapaz
vittore vittore
fracas fracas
robineau robineau
caatinga caatinga
kober kober
mengistu mengistu
burberry burberry
lammers lammers
porras porras
céspedes céspedes
holberg holberg
jefe jefe
tsurugi tsurugi
fischbach fischbach
yiwu yiwu
elfriede elfriede
paca paca
trion trion
radionuclides radionucléides
burkhart burkhart
jakobsson jakobsson
stunner stunner
đurić đurić
chatwin chatwin
tartans tartans
kernan kernan
epifanio epifanio
guadalquivir guadalquivir
hattersley hattersley
yanbian yanbian
cataldo cataldo
rufina rufina
kth kth
whitening blanchiment
whitening blanchir
delmark delmark
hachinohe hachinohe
kouji kouji
godefroy godefroy
parnassius parnassius
preben preben
montalban montalban
indents tirets
indents retraits
oosthuizen oosthuizen
laureano laureano
stephani stephani
synthesizes synthétise
benois benois
posteriori posteriori
genealogie genealogie
maravich maravich
negru negru
hacettepe hacettepe
erasmo erasmo
froissart froissart
nacionales nacionales
kakanj kakanj
hatha hatha
mene mene
montalbán montalbán
ameche ameche
enomoto enomoto
centrifuges centrifugeuses
akademia akademia
scruples scrupules
scruples scrupule
gimenez gimenez
zatoichi zatoichi
sinh sinh
sartori sartori
cajal cajal
rochette rochette
blunden blunden
malm malm
quezada quezada
kaczmarek kaczmarek
zeon zeon
tfr tfr
gratton gratton
kawaii kawaii
huynh huynh
idina idina
theodorakis theodorakis
planum planum
kuta kuta
lebensraum lebensraum
basidiomycota basidiomycota
alencar alencar
brassard brassard
gorin gorin
primum primum
baya baya
mccloy mccloy
legros legros
gmr gmr
extenuating atténuantes
petrenko petrenko
vesuvio vesuvio
zoé zoé
resorption résorption
aventis aventis
center}} center}}
center}} centre}}
kalou kalou
brn brn
kapa kapa
gbm gbm
heartwarming réconfortant
litho litho
tiso tiso
segarra segarra
kokhba kokhba
poutchek poutchek
mpo mpo
genii genii
toxicological toxicologiques
toxicological toxicologique
fabra fabra
malien malien
procrastination procrastination
zimbabweans zimbabwéens
marsilio marsilio
muma muma
ikoma ikoma
hymne hymne
rocketdyne rocketdyne
rapaport rapaport
casterman casterman
organización organización
sary sary
sexualities sexualités
donatella donatella
denard denard
extrema extrema
belges belges
guttata guttata
igs igs
russie russie
unl unl
heihachi heihachi
autopatrolled autopatrolled
kalju kalju
aoe aoe
alija alija
dolley dolley
aubervilliers aubervilliers
almqvist almqvist
aod aod
ʿalī ʿalī
ruffalo ruffalo
gesell gesell
voltigeurs voltigeurs
rumpler rumpler
pekar pekar
valmy valmy
muons muons
newsted newsted
ehrenreich ehrenreich
ćurčić ćurčić
veľký veľký
miłosz miłosz
elastica elastica
pavane pavane
daco daco
goldhagen goldhagen
barnato barnato
awk awk
salò salò
legislating légiférer
sonnambula sonnambula
cronquist cronquist
menhir menhir
shifu shifu
mrap mrap
revan revan
pikas pikas
blanford blanford
cripples infirmes
faysal faysal
panellinios panellinios
reliving revivre
bove bove
avitus avitus
lehtonen lehtonen
kamba kamba
ezer ezer
erinnerung erinnerung
palomo palomo
vitra vitra
spielmann spielmann
morna morna
maric maric
laurinaitis laurinaitis
heintz heintz
fage fage
energizing dynamiser
vedran vedran
adenanthos adenanthos
irmatov irmatov
aristotelia aristotelia
depositary dépositaire
depositary dépositaires
matapédia matapédia
bulut bulut
schillaci schillaci
parla parla
chevallier chevallier
honore honore
mard mard
świnoujście świnoujście
vampirella vampirella
armpits aisselles
majella majella
battin battin
cegep cegep
mágica mágica
sashimi sashimi
matjaž matjaž
mkhitaryan mkhitaryan
galarraga galarraga
lenzi lenzi
doxycycline doxycycline
tomodachi tomodachi
melvoin melvoin
sncb sncb
interlocutors interlocuteurs
palestina palestina
rennet présure
aldobrandini aldobrandini
cavs cavs
labé labé
thorbjørn thorbjørn
agronomic agronomiques
agronomic agronomique
donar donar
nacac nacac
cappelletti cappelletti
ressler ressler
wouk wouk
korba korba
gradisca gradisca
ingold ingold
kunitz kunitz
beppo beppo
ostfriesland ostfriesland
gegharkunik gegharkunik
catalyse catalyse
catalyse catalyser
remigio remigio
stroganov stroganov
stutthof stutthof
cevallos cevallos
pictogram pictogramme
pictogram pictogrammes
weihai weihai
cascia cascia
urundi urundi
taraxacum taraxacum
hakon hakon
corcovado corcovado
wickenheiser wickenheiser
chéreau chéreau
ulva ulva
schütze schütze
gremelmayr gremelmayr
ronchi ronchi
bergdorf bergdorf
dacko dacko
łukasiewicz łukasiewicz
picoides picoides
verifications vérifications
vaganova vaganova
escaut escaut
eban eban
erra erra
falchuk falchuk
anuar anuar
quesnoy quesnoy
bretschneider bretschneider
mizu mizu
carragher carragher
jina jina
riess riess
wikt wikt
cipa cipa
eszter eszter
lavallée lavallée
aéro aéro
dulcis dulcis
lázně lázně
kristeva kristeva
ccc@h ccc@h
rasim rasim
doctrinaire doctrinaire
glissando glissando
eremenko eremenko
grilli grilli
plav plav
aenea aenea
schip schip
snobs snobs
hyam hyam
cambium cambium
voulez voulez
kupres kupres
kronborg kronborg
gaud gaud
gorsedd gorsedd
notícias notícias
shigure shigure
bundesamt bundesamt
gozzi gozzi
afo afo
oligopoly oligopole
roquefort roquefort
ducat ducat
kleenex kleenex
homies potes
documentos documentos
pivovarova pivovarova
cuiseaux cuiseaux
wissam wissam
bacchante bacchante
ochotona ochotona
burhinus burhinus
aloni aloni
antonucci antonucci
universale universale
zengi zengi
costes costes
serranía serranía
neher neher
gerbert gerbert
anacleto anacleto
welte welte
lemba lemba
golomb golomb
chafing irritations
cuypers cuypers
soos soos
lvl lats
rampa rampa
lorax lorax
aeneus aeneus
dramaturge dramaturge
fitters installateurs
fitters monteurs
lige lige
snyders snyders
provencher provencher
atys atys
oprea oprea
shako shako
furka furka
sarkissian sarkissian
gafsa gafsa
gerrans gerrans
schleiz schleiz
silviculture sylviculture
bratunac bratunac
litera litera
ciani ciani
eckardt eckardt
valerii valerii
lombroso lombroso
tuxen tuxen
contepomi contepomi
scuti scuti
lucchini lucchini
herentals herentals
rožňava rožňava
rafinha rafinha
jouko jouko
ribisi ribisi
monopoli monopoli
cebus cebus
onimusha onimusha
dafne dafne
ocak ocak
rifampicin rifampicine
pierwszy pierwszy
eristavi eristavi
svv svv
webtv webtv
goehr goehr
carlier carlier
skaro skaro
hantz hantz
nichelle nichelle
zeh zeh
aleksinac aleksinac
wingsuit wingsuit
feininger feininger
beeping bips
beeping bip
lennep lennep
yaiba yaiba
ʿabd ʿabd
paludicola paludicola
bergara bergara
escaflowne escaflowne
chapada chapada
baileyi baileyi
geistliche geistliche
corser corser
cimabue cimabue
hoogeveen hoogeveen
kershner kershner
veterum veterum
falso falso
jijel jijel
monetarist monétariste
urquijo urquijo
henreid henreid
liposomes liposomes
manoukian manoukian
carner carner
munsch munsch
târnava târnava
tavola tavola
fröbel fröbel
kindia kindia
neblina neblina
jep pec
heinsius heinsius
laatste laatste
zelkova zelkova
regna regna
vecna vecna
rhapsodie rhapsodie
rienzo rienzo
paradisaea paradisaea
botánico botánico
ragnarsson ragnarsson
theodoxus theodoxus
muramasa muramasa
roussin roussin
dodin dodin
harpa harpa
wachowski wachowski
marktplatz marktplatz
ricasoli ricasoli
cabezón cabezón
religione religione
settimo settimo
nidau nidau
guillon guillon
xinyun xinyun
sanzo sanzo
itzehoe itzehoe
calavera calavera
holofcener holofcener
sogni sogni
polyptychus polyptychus
guille guille
sicut sicut
tomassi tomassi
stowing remblayage
nitration nitration
fortiori fortiori
prasina prasina
veritatis veritatis
ostpreußen ostpreußen
dgse dgse
ostentation ostentation
csanád csanád
crooners crooners
redescription redescription
theridiidae theridiidae
zaventem zaventem
takato takato
aldrovandi aldrovandi
souad souad
bujanovac bujanovac
kvk kvk
bernocchi bernocchi
chiappe chiappe
treadgold treadgold
pachi pachi
satrapies satrapie
werwolf werwolf
klopstock klopstock
nabih nabih
spera spera
calcined calcinée
transborder transfrontalières
transborder transfrontalier
ardon ardon
deorum deorum
eligio eligio
morgenthaler morgenthaler
hexen hexen
yussef youssef
verbinski verbinski
igea igea
vitéz vitéz
commentarius commentarius
taurog taurog
raouf raouf
huayan huayan
menz menz
toaru toaru
menten menten
bruel bruel
securitas securitas
alpins alpins
darga darga
wendat wendat
lepturus lepturus
ainhoa ainhoa
mazzotta mazzotta
skolimowski skolimowski
autoren autoren
mamoulian mamoulian
pfleger pfleger
giordana giordana
lönnrot lönnrot
antel antel
goriot goriot
snia snia
yeun yeun
coulouris coulouris
deprez deprez
biuro biuro
toshimichi toshimichi
rocas rocas
kerkhof kerkhof
negrin negrin
monsite monsite
heilbronner heilbronner
civis civis
saussurea saussurea
tufo tufo
schwandorf schwandorf
beida beida
tozeur tozeur
anfänge anfänge
hormiga hormiga
nasda nasda
pseudopoda pseudopoda
moisant moisant
offenhauser offenhauser
pierino pierino
satrapi satrapi
gritti gritti
urgel urgel
imer imer
awans awans
jallieu jallieu
haraguchi haraguchi
argonaute argonaute
quesne quesne
tuinfort tuinfort
cesareo cesareo
digic digic
ribar ribar
medicea medicea
edea edea
yoka yoka
savoye savoye
bongard bongard
viala viala
yelle yelle
agrestis agrestis
linguarum linguarum
yoshisada yoshisada
bollée bollée
storaro storaro
feghouli feghouli
cadaval cadaval
lichnowsky lichnowsky
ldt ldt
grainville grainville
tamago tamago
novarese novarese
mekhi mekhi
