los the
está is
unidos united
sur southern
sur sur
sur south
vida life
vida vida
último last
último latest
última last
última latest
ahora now
león lion
león león
león leon
león leo
aún still
aún yet
dio dio
dio gave
interior inner
interior interior
olímpicos olympic
cantón guangzhou
cantón canton
primeras firsts
primeras first
ruta route
ruta ruta
capitán captain
capitán skipper
emperador emperor
doctor doctor
www www
estudió studied
práctica practice
práctica practical
national national
campeonatos championships
campeonatos championship
hispanos hispanic
hispanos hispanics
humano human
categorías categories
autoridades authorities
nueve nueve
nueve nine
vive vive
vive live
vive lives
piloto pilot
responsable responsible
responsable maintainer
ocupa occupies
estándar standard
virginia virginia
distritos districts
enfermedades illnesses
enfermedades illness
enfermedades diseases
filipinas philippines
filipinas philippine
excepción exception
excepción derogation
comportamiento behaviour
comportamiento behavior
comportamiento behavioral
convirtiéndose becoming
cristóbal cristobal
cristóbal cristóbal
cristóbal christopher
mitología mythology
bernardo bernard
bernardo bernhard
bernardo bernardo
dada dada
paredes paredes
paredes walls
cabezas heads
wheeler wheeler
revisión review
revisión revision
bautista bautista
bautista baptist
comparación comparison
comparación compare
kong kong
sport sport
candidatura candidature
candidatura candidacy
candidatura nomination
obligado forced
obligado obligated
obligado bound
rev rev
estrategia strategy
crónica chronic
crónica chronicle
ventaja advantage
siria syria
siria syrian
veracruz veracruz
publicidad advertisements
publicidad advertise
publicidad publicity
publicidad advertising
publicidad advertisement
progreso progress
samuel samuel
indias indies
isidro isidro
clan clan
definir defining
definir define
japoneses japanese
usados used
monarquía monarchy
vélez vélez
vélez velez
sombra shadows
sombra shadow
sombra shade
opciones options
instrucción instruction
electorales electoral
electorales election
vale ok
vale okay
vale vale
soberanía sovereignty
movie movie
sajonia saxony
plataformas platforms
plataformas platform
empresarios entrepreneurs
empresarios employers
empresarios businessmen
ine ine
lleno crowded
lleno full
lleno packed
lleno filled
patrona patron
patrona landlady
celebran celebrate
diseñador designer
extremadamente extremely
producidos produced
civilización civilization
civilización civilisation
adquisición purchase
adquisición procurement
adquisición acquisition
argelia algiers
argelia algerian
argelia algeria
thys thys
modificar modify
modificar modifying
modificar amend
primarias primaries
primarias primary
aurora aurora
ocasionalmente occasional
ocasionalmente occasionally
semifinal semifinals
semifinal semifinal
llave wrench
llave key
astronómico astronomical
mortal deadly
mortal fatal
mortal mortal
abu abu
ayala ayala
camp camp
terrorismo terror
terrorismo terrorism
terrorismo terrorist
head head
square square
riesgos hazards
riesgos risks
riesgos risk
construye builds
construye constructs
construye build
jennifer jennifer
circo cirque
circo circus
máscara mask
redactor editor
gramática grammar
mitchell mitchell
romeo romeo
entierro burial
entierro funeral
entierro bury
fila row
liderado led
alejandra alexandra
alejandra alejandra
knight knight
tag tag
carrasco carrasco
emblema emblem
karen karen
diagrama diagram
beck beck
superman superman
mars mars
sugirió suggested
ace ace
trek trek
aquitania aquitaine
grito shout
grito cry
grito scream
lanzados launched
instalar installing
instalar install
moro moorish
moro moor
moro moro
controla controls
sospecha suspects
sospecha suspicion
sospecha suspect
afectó affected
desaparecida disappeared
desaparecida missing
propulsión propulsion
domicilio domicile
domicilio address
matrimonios marriage
matrimonios marriages
virgin virgin
rancho rancho
rancho ranch
boom boom
espadas spades
espadas swords
simetría symmetry
muscular muscles
muscular muscle
muscular muscular
toscana tuscany
teórica theoretical
equivalentes equivalents
equivalentes equivalent
interacciones interactions
verona verona
crespo crespo
vinci vinci
borneo borneo
significaba meant
earl earl
inflorescencias inflorescences
existido existed
lea read
lea lea
wurtemberg württemberg
burton burton
secular secular
apostólica apostolic
perfección perfection
liderados led
doctora doctor
bizantina byzantine
weimar weimar
paulina paulina
paulina pauline
zarzuela zarzuela
flexible flexible
inédito unpublished
inédito unreleased
delhi delhi
glen glen
corresponsal correspondent
resaltar highlighting
resaltar highlight
recogidos collected
montpellier montpellier
ferry ferry
essex essex
diamantes diamond
diamantes diamonds
hundido sunk
hundido sank
hundido sunken
pilastras pilasters
publicando publishing
publicando posting
bishop bishop
falda skirt
falda skirts
obvio obvious
côte côte
côte cote
renania rhineland
kingston kingston
jump jump
estacional seasonal
exponentes exponents
cyprinidae cyprinidae
pasillo hallway
pasillo hall
pasillo corridor
pasillo aisle
dias days
dias dias
carreño carreño
represa dam
faros lighthouses
faros headlight
faros beacons
faros headlights
sheffield sheffield
sing sing
otón otto
edgardo edgardo
equidad fairness
equidad equity
ranger ranger
khz khz
prior prior
buceo diving
buceo dive
buceo scuba
beagle beagle
luther luther
diane diane
oclc oclc
sandro sandro
cala cala
cala cove
detecta detects
detecta detect
adoptando adopting
borra deletes
negado deny
negado denied
davidson davidson
jensen jensen
lega lega
sterling sterling
taxis taxi
taxis taxis
taxis cabs
soares soares
barker barker
dexter dexter
contratada contracted
contratada hired
heródoto herodotus
messi messi
legítima legitimate
legítima legit
rebeca rebecca
naranjas oranges
zheng zheng
sui sui
interactivo interactive
celestial heavenly
celestial celestial
bellos beautiful
jerárquico hierarchical
ruben rubin
ruben reuben
ruben ruben
diccionarios dictionaries
numancia numancia
desbloqueo unlock
desbloqueo unblock
desbloqueo unlocking
avn avn
mediador mediator
sombreros hats
araujo araujo
eternidad eternity
swan swan
artemisa artemis
zack zack
chivas chivas
toby toby
consistorio consistory
bernstein bernstein
salerno salerno
linn linn
paganos pagans
paganos heathens
culminación culmination
cárceles jails
cárceles prisons
alcanzada achieved
alcanzada reached
gigantesco gigantic
jacoby jacoby
herejía heresy
entrenados trained
absorbido absorbed
titanio titanium
sabine sabine
indianapolis indianapolis
purcell purcell
ataúd casket
ataúd coffin
comisarios commissioners
envidia envy
envidia jealousy
mataró mataró
alzheimer alzheimer
ambigua ambiguous
induce induces
induce induce
canberra canberra
scaleminor scaleminor
yoon yoon
elegidas elected
interrumpe interrupts
bop bop
horticultura horticulture
horticultura horticultural
extraída extracted
conspiradores conspirators
capitana captain
revisores reviewers
avery avery
reorganizó reorganised
regis regis
sigan follow
combatiente combatant
combatiente fighter
cargadas loaded
polímero polymer
deposición deposition
helados icecream
chicha chicha
embajadora ambassador
insuficientes insufficient
insuficientes inadequate
preferida preferred
subsiguiente subsequent
jae jae
choques clashes
choques shocks
esparza esparza
macbeth macbeth
compositae compositae
sylvester sylvester
emery emery
probada proven
probada tested
gamba prawn
gamba shrimp
cactaceae cactaceae
horus horus
tímida shy
tímida timid
descifrar decipher
descifrar deciphering
descifrar decrypt
persiguen haunt
persiguen persecute
calabozo dungeon
calabozo brig
cetáceos cetaceans
avalancha avalanche
inversionistas investor
inversionistas investors
planificada planned
sintéticos synthetic
sintéticos synthetics
metodista methodist
figueres figueres
hilbert hilbert
bobadilla bobadilla
austeridad austerity
cobain cobain
dieu dieu
conectores connectors
adicto addicted
adicto addict
detalladas detailed
yacente recumbent
buendía buendía
reserve reserve
pentágono pentagon
subfamilias subfamilies
patti patti
subtribu subtribe
glaciación glaciation
pentium pentium
stanton stanton
katara katara
insurgencia insurgent
insurgencia insurgency
catarata waterfall
catarata cataract
damien damien
perfeccionar perfecting
perfeccionar refine
centaurea centaurea
categoria category
jueza judge
tejados roofs
tejados roofing
tejados rooftops
tejados roof
lats lats
nogal walnut
abstinencia abstinence
fontainebleau fontainebleau
diafragma diaphragm
violado violated
violado raped
fuchs fuchs
senecio senecio
excéntrico eccentric
manchego manchego
moll moll
ins ins
calero calero
ilimitada limitless
ilimitada unlimited
centralizada centralised
centralizada centralized
duendes leprechauns
duendes goblins
duendes elves
usc usc
modelaje modeling
mierda crap
mierda fuck
mierda shit
mierda bullshit
asimétrica asymmetric
asimétrica asymmetrical
newbery newbery
vanguardias vanguards
lirio lily
creyente believer
zea zea
lag lagged
lag lag
lag lags
exagerada exaggerated
destinatario addressee
destinatario recipient
lillian lillian
lounge lounge
rodear encircle
rodear surround
regionalliga regionalliga
terrenal terrestrial
terrenal earthy
terrenal earthly
llanera llanera
hangul hangul
transexuales transgender
transexuales transsexual
nemo nemo
mafioso gangster
mafioso mafia
mafioso mobster
brasileiro brasileiro
magnéticas magnetic
aceitunas olives
remasterizada remastered
subsidio grant
subsidio subsidy
subsidio allowance
epístolas epistles
pterosaurios pterosaurs
garriga garriga
zanahoria carrot
zanahoria carrots
posteridad posterity
mates maths
mates math
lilian lilian
razonablemente reasonably
satisfactoriamente successfully
satisfactoriamente satisfactorily
inaugurar inaugurate
tibetana tibetan
buffer buffer
contraofensiva counteroffensive
anunciados announced
anunciados advertised
jarvis jarvis
preguntando asking
ger ger
lii lii
lasalle lasalle
rfef rfef
recurriendo resorting
troicki troicki
wittenberg wittenberg
jansen jansen
contables accountants
puerco pork
puerco swine
puerco pig
plagado plagued
validar validate
sansón samson
sansón sampson
dax dax
landkreis landkreis
eastman eastman
motown motown
bong bong
khalifa khalifa
baquedano baquedano
axilar axillary
timbaland timbaland
coadjutor coadjutor
marchesi marchesi
ilyushin ilyushin
glutamato glutamate
hautes hautes
ruega beg
ruega begs
traumático traumatic
separadamente separately
deméter demeter
tacubaya tacubaya
lombard lombard
ouro ouro
italiani italiani
asedios sieges
kyoko kyoko
apacible mellow
determinista deterministic
requiriendo requiring
gustaf gustaf
lvii lvii
rosol rosol
tilo tilo
pedicularis pedicularis
fluorescencia fluorescence
peyton peyton
oponiéndose opposing
persépolis persepolis
tectónicas tectonic
unasur unasur
estabilizador stabilising
estabilizador stabiliser
estabilizador stabilizer
estabilizador stabilizing
aquelarre coven
shigeru shigeru
rotunda rotunda
kaiserslautern kaiserslautern
halliwell halliwell
argent argent
resorts resorts
paisano countryman
gohan gohan
monopolios monopolies
monopolios monopoly
coltrane coltrane
kinshasa kinshasa
melodi melodi
excelsa excelsa
profano layman
profano unholy
profano profane
rotaciones rotations
melanesia melanesia
horribles horrible
resumida summarized
resumida summarised
gruber gruber
besós besòs
intuitivo intuitive
fringe fringe
penrose penrose
gyula gyula
scholz scholz
irresponsable irresponsible
quijada jaw
akron akron
urinario urinary
urinario urinal
gárgolas gargoyles
psg psg
garita garita
espace espace
bsc bsc
rikl rikl
henryk henryk
mejia mejia
mulhouse mulhouse
suburbana suburban
subrayar underline
terraplén embankment
xin xin
sumida sumida
chantaje blackmailing
chantaje blackmail
intermediación intermediation
intermediación brokering
intermediación brokerage
hipotálamo hypothalamus
arata arata
visite visit
seinfeld seinfeld
referendo referendum
isleta isleta
arbóreo arboreal
ofició officiated
dalia dahlia
dalia dalia
nieblas mists
bateadores batters
bateadores hitters
encantamiento enchantment
encantamiento incantation
goyo goyo
westerns westerns
pirotecnia pyrotechnics
bruna bruna
correia correia
sabater sabater
blest blest
xxxviii xxxviii
escápula scapula
concurrentes concurrent
longipes longipes
yihadistas jihadists
taschen taschen
shō shō
interrelación interrelationship
degeneres degeneres
derogada repealed
zorn zorn
mcintosh mcintosh
tullerías tuileries
yaroslavl yaroslavl
unai unai
devastadores devastating
indestructible indestructible
ballestas crossbows
diggle diggle
débora débora
stadler stadler
komi komi
anticipa anticipates
hendrick hendrick
mosley mosley
pegados glued
schlesinger schlesinger
edmunds edmunds
ondulaciones undulations
marwan marwan
americanus americanus
helmuth helmuth
represivas repressive
examinando examining
dividendos dividends
dividendos dividend
fonsi fonsi
hinojo fennel
cuthbert cuthbert
fallando failing
gauthier gauthier
puglia puglia
efes efes
bund bund
avergonzado embarrassed
avergonzado shamed
avergonzado ashamed
rectilíneo rectilinear
behrens behrens
transitorias transient
transitorias transitory
transitorias transitional
toul toul
concrete concrete
taisen taisen
mpc mpc
oppidum oppidum
navalcarnero navalcarnero
insinuaciones innuendo
insinuaciones insinuations
weller weller
envíe send
shima shima
ovulación ovulation
roser roser
peroné fibula
homehr homehr
tachi tachi
carinata carinata
alpaca alpaca
arslan arslan
zim zim
dolo dolo
cinchona cinchona
polifemo polyphemus
confinada confined
fayetteville fayetteville
soros soros
roadabr roadabr
carbone carbone
humus humus
inhumano inhumane
inhumano inhuman
transportadores transporters
transportadores transporter
transportadores conveyor
transportadores conveyors
clodio clodius
vitas vitas
alquileres rentals
alquileres rental
alquileres rents
electroforesis electrophoresis
urubamba urubamba
hedwig hedwig
selyúcida seljuk
goldschmidt goldschmidt
inmunológico immune
inmunológico immunological
librorum librorum
acusador accuser
ionosfera ionosphere
figari figari
cuarcita quartzite
cahors cahors
darko darko
slayers slayers
zoco souk
incondicionalmente unconditionally
vivendi vivendi
ingle groin
borge borge
porcinos swine
porcinos porcine
aigle aigle
langres langres
rindiendo surrendering
kimiko kimiko
kjell kjell
éireann éireann
tondo tondo
otome otome
fett fett
lian lian
kyrgios kyrgios
albacea executor
desproporcionado disproportionate
landsberg landsberg
nath nath
kunming kunming
cucharas spoons
thistle thistle
ogawa ogawa
amazonica amazonica
linchamiento lynching
kidder kidder
elongatus elongatus
stonehenge stonehenge
gwangju gwangju
heck heck
yemení yemen
yemení yemeni
palmerston palmerston
vigorosamente vigorously
hollín soot
detonador detonator
diatomeas diatoms
letzte letzte
absalón absalom
basset basset
mcphee mcphee
lastima pity
lastima hurts
marcapasos pacemaker
kagawa kagawa
adhesiones accessions
bombón hottie
reggiana reggiana
tailandeses thais
neuve neuve
eritematoso erythematosus
reciclar recycle
reciclar recycling
seva seva
carlsbad carlsbad
haji haji
lavinia lavinia
adan adan
delias delias
lakota lakota
nau nau
inculcar instil
inculcar instill
cue euc
yanqui yank
yanqui yankee
benin beninese
benin benin
girardi girardi
lichtenberg lichtenberg
ladd ladd
nep nep
sargsian sargsian
ariosto ariosto
tanvier tanvier
hocevar hocevar
wilber wilber
equiparar equating
equiparar equate
enlil enlil
bric bric
hölderlin hölderlin
inmunoglobulina immunoglobulin
rapanui rapanui
priva deprives
radiada radiated
hardcover hardcover
caulfield caulfield
terrorífico terrifying
kasai kasai
alexey alexey
hitoshi hitoshi
bebió drank
bonnot bonnot
manchúes manchus
papirio papirius
fosilizados fossilized
refrescar freshen
refrescar refresh
badr badr
arkive arkive
estante shelf
memorie memorie
eretria eretria
antebrazos forearms
strucker strucker
fibrilación fibrillation
aguadilla aguadilla
anadolu anadolu
gángsters gangsters
lamentaba lamented
wisteria wisteria
enna enna
cayey cayey
marital marital
ampezzo ampezzo
estroma stroma
electiva elective
arvense arvense
nasri nasri
fealdad ugliness
intramuscular intramuscular
aisam aisam
sarcoma sarcoma
vanidades vanities
numberofedits numberofedits
charité charité
reasignación reassignment
reasignación redeployment
reasignación reallocation
mowgli mowgli
invaluable priceless
invaluable invaluable
circonio zirconium
hemorroides hemorrhoids
pescando fishing
kubo kubo
nacl nacl
lowndes lowndes
ippo ippo
fabriano fabriano
aserrado sawing
alami alami
cuadrúpedos quadrupeds
foxe foxe
eurico eurico
auteuil auteuil
fósforos matches
presunciones presumptions
presunciones assumptions
amal amal
baha baha
marten marten
miosina myosin
cols cols
quiriguá quiriguá
alizée alizée
oréal oréal
barna barna
dobruja dobruja
confirmaciones confirmations
helden helden
adal adal
rostand rostand
radom radom
avion airplane
avion plane
hoa hoa
cyprinodon cyprinodon
hak hak
neufchâteau neufchâteau
velos veils
tsh tsh
fcf fcf
harel harel
cps psc
cps cps
tatsuma tatsuma
emmrich emmrich
fiesole fiesole
wpa wpa
ramazzotti ramazzotti
translúcido translucent
bauman bauman
vandenberg vandenberg
cefeo cepheus
cornudo cuckold
cornudo horned
anatómicamente anatomically
rydberg rydberg
lanfranco lanfranco
ochos eights
chipsets chipsets
magnani magnani
distorsiona distorts
hierón hiero
pevensie pevensie
decodificar decode
forn forn
okazaki okazaki
opiáceos opioid
opiáceos opiates
opiáceos opiate
opiáceos opioids
sinovial synovial
educ educ
solferino solferino
neda neda
requisado commandeered
requisado requisitioned
telesur telesur
pennell pennell
birdie birdie
hsdpa hsdpa
quebradillas quebradillas
monocitos monocytes
freeborn freeborn
malaquita malachite
cilento cilento
northridge northridge
koukalová koukalová
caecilia caecilia
incumplimientos defaults
vittatus vittatus
agitadores shakers
agitadores agitators
calímaco callimachus
kendal kendal
discriminados discriminated
nardo nardo
brom brom
ectodermo ectoderm
gojira gojira
hilarante hilarious
peintre peintre
salter salter
oya oya
ananas ananas
brasileiras brasileiras
mentawai mentawai
fatboy fatboy
hellcat hellcat
tamarix tamarix
genest genest
topsport topsport
emulsiones emulsions
lenguado flounder
lenguado sole
monito monkey
reordenar reorder
térmicamente thermally
verl verl
quatermass quatermass
douglasii douglasii
preceder precede
cycas cycas
wolfenstein wolfenstein
margarina margarine
nivea nivea
trasíbulo thrasybulus
ansari ansari
tweety tweety
elipsoidal ellipsoidal
naoh naoh
imparciales impartial
tréboles clover
tréboles clubs
yoshihito yoshihito
teso teso
angustiada distressed
exacerbado exacerbated
liebknecht liebknecht
denarios denarii
tuberosas tuberous
gorski gorski
subíndice subscript
waldheim waldheim
willenborg willenborg
shar shar
okanogan okanogan
manawatu manawatu
botev botev
prinia prinia
scheuer scheuer
beatz beatz
cardán gimbal
muzio muzio
legibles legible
legibles readable
dianna dianna
kronemann kronemann
ashur ashur
externalidades externalities
asinio asinius
thorsen thorsen
kittson kittson
dempster dempster
reanudado resumed
käthe käthe
hap hap
hap pah
hap pef
preble preble
fräulein fraulein
fräulein fräulein
kopp kopp
filóstrato philostratus
cromodinámica chromodynamics
flaviventris flaviventris
frelimo frelimo
trixie trixie
poitier poitier
sekirei sekirei
chiíta shiite
leonhardt leonhardt
kreisler kreisler
tōhoku tōhoku
trifón tryphon
norum norum
meriwether meriwether
sontag sontag
foie foie
jørn jørn
uria uria
halajá halakha
sofie sofie
cheri cheri
progrès progrès
garum garum
stott stott
silíceas siliceous
blowin blowin
skil skil
eupen eupen
cetra cetra
scolaire scolaire
plastrón plastron
ordenaciones ordinations
kune kune
smokin smokin
longshot longshot
herpetólogo herpetologist
bombardino euphonium
avraham avraham
niassa niassa
impregnados impregnated
metformina metformin
ailly ailly
nordström nordström
camelus camelus
shenhua shenhua
bolométrica bolometric
anegada anegada
dene dene
excelsis excelsis
stokowski stokowski
karrer karrer
cyaneus cyaneus
jupp jupp
negus negus
yancey yancey
rit rit
monismo monism
cánido canid
hedor stink
hedor reek
hedor stench
ock ock
dislocaciones dislocations
mader mader
kortrijk kortrijk
balsamo balsamo
euston euston
nbi nbi
impellitteri impellitteri
echevarria echevarria
postalveolar postalveolar
maika maika
atha atha
basho basho
malignidad malignancy
beetlejuice beetlejuice
ofdm ofdm
bakufu bakufu
addclass addclass
smits smits
heeren heeren
cérvix cervix
xvie xvie
cavitación cavitation
backflip backflip
bendigo bless
taku taku
illyana illyana
azione azione
esfenoides sphenoid
vogler vogler
matrilineal matrilineal
citera cythera
actium actium
maček maček
jevons jevons
earhart earhart
cloacal cloacal
samy samy
causse causse
wahlgren wahlgren
calea calea
ophüls ophüls
anomalus anomalus
tcg tcg
popups popups
msdn msdn
qutb qutb
erminio erminio
egger egger
planète planète
stamos stamos
melange melange
mattioli mattioli
amott amott
olpc olpc
leonov leonov
anderssen anderssen
morihei morihei
intergeneracional intergenerational
svo svo
televisão televisão
abuja abuja
delicatessen delicatessen
usi usi
atria atria
leeuw leeuw
fiqh fiqh
rebelo rebelo
hawkwood hawkwood
arcadios arcadians
payasadas antics
payasadas clowning
georgius georgius
vattimo vattimo
feste feste
sandoz sandoz
childerico childeric
sédar sédar
joos joos
intrusivo intrusive
flon flon
eklund eklund
burdett burdett
sindel sindel
maun maun
simonelli simonelli
tephrosia tephrosia
lexicográfico lexicographical
touche touche
mishra mishra
abronia abronia
infantazgo appanage
jamba jamba
lauterbach lauterbach
dvor dvor
gault gault
zeitz zeitz
hoysala hoysala
tournay tournay
tsundere tsundere
takamori takamori
pateador kicker
waterville waterville
dispensar dispense
yeol yeol
jeezy jeezy
mazzei mazzei
rinuccini rinuccini
snecma snecma
practicidad practicality
misra misra
tristão tristão
taizé taizé
clr clr
helle helle
dua dua
hemme hemme
centrífugas centrifugal
hillcrest hillcrest
boisset boisset
bergeron bergeron
skiffle skiffle
tadorna shelduck
ravensburg ravensburg
molenbeek molenbeek
giampaolo giampaolo
mecosta mecosta
deluise deluise
jerdon jerdon
skvortsov skvortsov
kabylie kabylie
kafr kafr
cobblepot cobblepot
albergaria albergaria
saisons saisons
voa voa
seidl seidl
topolino topolino
rosácea rosacea
courtrai courtrai
hemmings hemmings
knittel knittel
proba proba
transitividad transitivity
dvr dvr
mohicano mohican
fpr rpf
vertus vertus
semyon semyon
moulineaux moulineaux
lipschitz lipschitz
marabú marabou
transceptor transceiver
infesta infests
whiteley whiteley
kelowna kelowna
hellcats hellcats
morini morini
parfitt parfitt
reavers reavers
jouve jouve
oléron oléron
tartárico tartaric
buskerud buskerud
rrs rrs
antipartículas antiparticles
coloniale coloniale
epoque epoque
amana amana
ōba ōba
fellner fellner
meistersinger meistersinger
cdl cdl
malhotra malhotra
courante courante
minibús minibus
espasticidad spasticity
zrenjanin zrenjanin
diaye diaye
gavilan gavilan
ahsan ahsan
dewoitine dewoitine
checksum checksum
linq linq
donis donis
balaban balaban
damnatio damnatio
mahabharata mahabharata
fumigatus fumigatus
briar briar
norreys norreys
kermode kermode
lippisch lippisch
kovalenko kovalenko
clontarf clontarf
haugen haugen
inocuidad safety
bonde bonde
eaa eaa
correio correio
dufferin dufferin
ganthet ganthet
gyan gyan
vršac vršac
barnabas barnabas
zhdánov zhdanov
monodelphis monodelphis
exacerbación exacerbation
cormack cormack
hilaridad hilarity
kayo kayo
tbx tbx
linfedema lymphedema
humvee humvee
wildside wildside
tesalios thessalians
kraki kraki
akers akers
logik logik
plagiador plagiarist
radomo radome
cautelosamente cautiously
güiza güiza
blasius blasius
madang madang
camilleri camilleri
sulzer sulzer
dryocopus dryocopus
arriva arriva
bromuros bromides
luffa luffa
guttman guttman
dva dva
myc myc
ryholt ryholt
taubaté taubaté
mirabile mirabile
leptotes leptotes
ffi ffi
valtellina valtellina
sobreexposición overexposure
malhumorada crabby
gradski gradski
shahin shahin
tägtgren tägtgren
gigoló gigolo
schnitzel schnitzel
stadtbahn stadtbahn
fotografo photographer
pilsner pilsner
palmi palmi
rtbf rtbf
madox madox
crudamente crudely
abstenido abstained
adlai adlai
pfitzner pfitzner
turley turley
danielsson danielsson
lewy lewy
formio formio
sincopado syncopated
sergent sergent
francken francken
precognición precognition
trigramas trigrams
guilfoyle guilfoyle
lunacharski lunacharsky
ringwald ringwald
telecine telecine
fazil fazil
corradini corradini
santu santu
paroxetina paroxetine
lafarge lafarge
harrigan harrigan
enantiómero enantiomer
keach keach
magas magas
ziugánov zyuganov
kenedy kenedy
rundata rundata
pleasantville pleasantville
xuzhou xuzhou
sauerland sauerland
szd szd
righetti righetti
fonteyn fonteyn
halm halm
gormley gormley
tlemcen tlemcen
jihlava jihlava
arrupe arrupe
castlereagh castlereagh
metallo metallo
castille castille
rotax rotax
halldór halldór
takasaki takasaki
reverbnation reverbnation
pinkett pinkett
fbs fbs
eleuthera eleuthera
montu montu
tigriña tigrinya
bertinelli bertinelli
apesar despite
yúrievich yuryevich
swinger swinger
rusch rusch
sippar sippar
marja marja
kéfir kefir
ossip ossip
doring döring
ordnung ordnung
rauhofer rauhofer
fwa fwa
carrack carrack
religieuses religieuses
tafonomía taphonomy
sapere sapere
flexner flexner
kahneman kahneman
atomics atomics
seabra seabra
ceyhan ceyhan
chaebol chaebol
raggedy raggedy
flexiva inflected
homura homura
securitate securitate
kári kári
lengyel lengyel
minivan minivan
aceptabilidad acceptability
moji moji
volkspolizei volkspolizei
adrianus adrianus
srinivasa srinivasa
tergiversa misrepresents
refrigerio refreshments
refrigerio snack
refrigerio refreshment
fahy fahy
enbw enbw
histolytica histolytica
vignoles vignoles
pelagonia pelagonia
illustre illustre
halliburton halliburton
verney verney
kye kye
sungmin sungmin
papandreou papandreou
barbazul bluebeard
sackler sackler
cortejando courting
yasuhiko yasuhiko
enormidad enormity
jerrold jerrold
altach altach
kuntur kuntur
urara urara
jelling jelling
naryn naryn
lewitt lewitt
fenestrata fenestrata
diatessaron diatessaron
breitenbach breitenbach
hilio hilum
clairaut clairaut
shabaab shabaab
eniwetok eniwetok
akademische akademische
keno keno
kcl kcl
prio prio
ndong ndong
yulin yulin
mazurkiewicz mazurkiewicz
jms jms
tootie tootie
kubik kubik
tcdd tcdd
zebrahead zebrahead
litográficas lithographic
sitra sitra
crake crake
hitchin hitchin
lorette lorette
idolmaster idolmaster
moreirense moreirense
isadore isadore
apolipoproteína apolipoprotein
holzhausen holzhausen
bulaga bulaga
jannings jannings
antwiki antwiki
sylvio sylvio
yukina yukina
lightoller lightoller
vizzini vizzini
anicet anicet
binney binney
asamoah asamoah
plesiopidae longfin
castellari castellari
harbou harbou
minustah minustah
arsen arsen
electroencefalografía electroencephalography
rinus rinus
orndorff orndorff
millstone millstone
poitras poitras
maynor maynor
itx itx
luminiscente luminescent
dallaire dallaire
tumbledown tumbledown
marchitarse wither
kotte kotte
büttner büttner
threskiornis threskiornis
parsa parsa
gelug gelug
trapster trapster
sundarbans sundarbans
waddle waddle
todus tody
qub qub
gotea drips
sayang sayang
daula daula
gojko gojko
boreale boreale
yorkville yorkville
slevin slevin
onder onder
paku paku
zocos souks
pelagra pellagra
stürmer stürmer
khoisan khoisan
belousov belousov
monckton monckton
lolly lolly
aper aper
simcoe simcoe
estève estève
gorn gorn
baileys baileys
pyr pyr
sematary sematary
meshnumber meshnumber
kladno kladno
maciejowice maciejowice
fali fali
pančevo pančevo
violistas violists
iwakura iwakura
marcelin marcelin
hingham hingham
warfighter warfighter
ramsgate ramsgate
subh subh
snapchat snapchat
cocheros coachmen
welland welland
marj marj
gangneung gangneung
hotz hotz
tacloban tacloban
cistina cystine
#lo #it
dohertyi dohertyi
abbès abbès
hemiplejia hemiplegia
echols echols
shaab shaab
bordon bordon
lipkin lipkin
cotonsport cotonsport
shmona shmona
laguna}} lake}}
ikaruga ikaruga
sylmar sylmar
diluyente diluent
sheol sheol
enciklopedija enciklopedija
trotha trotha
kamerlingh kamerlingh
shantou shantou
mirabello mirabello
astralwerks astralwerks
dermott dermott
guinot guinot
apuñalamiento stabbing
burgen burgen
maplewood maplewood
tramiel tramiel
chesil chesil
duany duany
sampaguita sampaguita
berl berl
amahoro amahoro
stonebridge stonebridge
bojack bojack
buttrey buttrey
bsfa bsfa
furstenberg furstenberg
güssing güssing
euroescepticismo euroscepticism
mmd mmd
biba biba
barrenderos sweepers
rew rew
simper simper
atheling ætheling
#in #in
mercucio mercutio
kohut kohut
envalentonado emboldened
bombeando pumping
oschersleben oschersleben
tragopan tragopan
oświęcim oświęcim
langi langi
godey godey
stina stina
yabe yabe
materializando materializing
pinon pinon
benten benten
nanae nanae
ucsb ucsb
horikoshi horikoshi
