est is
est east
nom surname
nom name
commune commune
commune common
titre title
juin jun
juin june
cependant however
côté côté
côté side
créé created
médaille medal
laquelle which
claude claude
frère sibling
frère brother
frère frère
affaires business
lyon lyon
nuit nuit
nuit night
comité committee
chevalier knight
chevalier chevalier
techniques technical
techniques techniques
contrat contract
appelée called
excentricité eccentricity
construite built
construite constructed
soldats soldiers
ouvert open
ouvert opened
ouvert unlocked
suède sweden
apparition apparition
apparition appearance
abbé abbe
abbé abbot
abbé abbé
sociétés corporations
sociétés companies
décédé died
décédé deceased
gmina gmina
soir evening
soir night
logiciel software
extrême extreme
populations populations
populations population
flotte fleet
côtes ribs
côtes coasts
côtes coastline
côtes rib
couronne wreath
couronne crown
étend extends
étend expands
profit profit
établissements establishments
mécanique mechanics
mécanique mechanical
conservatoire conservatory
conservatoire conservatoire
huitième eighth
quasi almost
quasi quasi
thèmes themes
thèmes topics
tournage filming
tournage shooting
équivalent equivalent
débit flow
débit throughput
débit bitrate
débit debit
prague prague
servi served
mit mit
mit mlt
mine mine
caractéristique characteristic
caractéristique feature
charlie charlie
équipement equipment
souvenir souvenir
souvenir memento
souvenir memory
picardie picardie
picardie picardy
présentée presented
marco marco
hamilton hamilton
organismes organizations
organismes organisms
organismes agencies
danois danish
danois dane
danois danes
lacs lakes
pic pic
pic peak
verts greens
lait milk
traducteur translator
traducteur translators
two two
qualifie qualifies
loisirs recreation
loisirs leisure
réception receipt
réception reception
préfère prefers
préfère prefer
conclusion concluding
conclusion conclusion
probable likely
probable probable
invités guests
invités guest
codes codes
perspective prospect
perspective outlook
perspective perspective
protégé protected
protégé sheltered
entouré surrounded
entouré circled
réfugiés refugee
réfugiés refugees
mosquée mosque
ferrand ferrand
golf golf
diplomate diplomat
diplomate diplomatic
réactions reactions
divisée divided
émis issued
émis emitted
afghanistan afghanistan
permanent permanent
dunkerque dunkerque
dunkerque dunkirk
chapitres chapters
finistère finistère
secrète secret
organes organs
organes bodies
#aaaaaa #aaaaaa
blake blake
warren warren
passes passes
pin pine
pin pin
remarqué noted
remarqué noticed
tiens hold
complément complement
complément supplement
sardaigne sardinia
const const
organiste organist
océanie oceania
salaire salary
salaire wage
salaire wages
salaire earnings
étendu extended
étendu expanded
proviennent originate
parts shares
extérieures exterior
plages beach
plages beaches
cameron cameron
enregistrés recorded
enregistrés registered
enregistrés saved
collaborateurs coworkers
collaborateurs collaborators
collaborateurs employees
collaborateurs contributors
alabama alabama
dupont dupont
jonas jonas
jonas jonah
expressions phrases
expressions expressions
panthéon pantheon
panthéon panthéon
bombes bomb
bombes bombs
sibérie siberian
sibérie siberia
vastes vast
avancé advanced
motivation motivation
baptême baptism
baptême christening
pentes slopes
logistique logistics
logistique logistic
privilèges privilege
privilèges privileges
bars bars
royaux royal
rappelé reminded
rappelé recalled
infection infections
infection infection
formulation phrasing
formulation formulation
grain grain
pensées thoughts
indications indications
beat beat
edge edge
célébration celebrating
célébration celebration
mahomet mohammad
mahomet muhammed
mahomet mohammed
mahomet muhammad
mahomet mahomet
honduras honduras
solaires solar
précises precise
précises accurate
tampa tampa
empreinte imprint
empreinte footprint
empreinte fingerprint
restreint restricted
bouchard bouchard
bayern bayern
sensation feeling
sensation sensation
bella bella
multitude multitude
comédiens actors
comédiens comedians
kingston kingston
diète diet
relancer restart
relancer relaunch
relancer revive
ambroise ambroise
échoué failed
vides empty
commencement beginning
commencement commencement
mcdonald mcdonald
charger load
charger charger
charger loading
peuplé populous
peuplé inhabited
peuplé populated
convergence convergence
saisie seizure
inutiles useless
inutiles unnecessary
instituts institutes
pétain pétain
perçu perceived
papes popes
papes papes
papes pope
libérée liberated
koweït kuwait
horn horn
gestapo gestapo
tranquille quiet
tranquille chillin
recueilli collected
leroux leroux
puce puce
puce chip
puce flea
environnemental environmental
natalia natalya
natalia natalia
réagit reacts
périodiques periodic
périodiques periodicals
périodiques periodical
incorporé incorporated
incorporé embedded
identifie identifies
woody woody
rachetée redeemed
dot dowry
dot dot
fours ovens
fours furnaces
spike spike
gadget gadget
fromages cheese
fromages cheeses
ivoirien ivorian
universidad universidad
finalistes finalist
finalistes finalists
cabane hut
cabane shack
cabane cabane
cabane cabin
acrobatique freestyle
acrobatique acrobatics
acrobatique acrobatic
justifié warranted
justifié justified
optiques optical
optiques optics
finition finishing
luce luce
ricky ricky
austral austral
bovins cattle
rhode rhode
goldwyn goldwyn
illustrant illustrating
quest quest
brighton brighton
délicat tricky
délicat sensitive
délicat delicate
beta beta
culpabilité guilt
hammer hammer
richie richie
bellevue bellevue
tanaka tanaka
vénérable venerable
impressionnant awesome
impressionnant impressive
canonisation canonisation
ranch ranch
oskar oskar
bts bts
košice košice
gore gore
tübingen tübingen
sankt sankt
frost frost
lat lat
lat lats
attribut attribute
taxon taxon
gaetano gaetano
flavia flavia
berlioz berlioz
défavorable unfavorable
défavorable adverse
défavorable unfavourable
guyot guyot
sting sting
thèbes thebes
roquettes rockets
roquettes rocket
situ situ
lévesque lévesque
nankin nanking
nankin nanjing
bronx bronx
transilien transilien
brahms brahms
silencieux silencer
silencieux silent
silencieux quiet
incorporation incorporation
astronomes astronomers
différenciation differentiation
rosen rosen
commémoratif commemorative
ole ole
seniors seniors
seniors senior
paisible peaceful
usées worn
incliné inclined
incliné tilted
incliné incline
corp corp
conclue concluded
yuri yuri
nominale rated
nominale nominal
monnet monnet
soigné neat
soigné treated
soigné cured
soigné healed
manchot penguin
brunes brunettes
brunes brown
brunes brunette
tibère tiberius
synthétiques synthetic
transporteur transporter
transporteur carrier
transporteur conveyor
rui rui
barbarie barbarie
barbarie barbarity
barbarie barbarism
burger burger
intercontinental intercontinental
petrus petrus
émettent emit
palmas palmas
muscat muscat
luberon luberon
cailloux pebbles
cailloux rocks
cailloux pebble
avex avex
macro macro
charenton charenton
mandchourie manchuria
revista revista
wildcats wildcats
aztèque aztec
hilbert hilbert
sigles abbreviations
sigles acronyms
affichant displaying
vétérinaires veterinary
vétérinaires vets
vétérinaires veterinarians
anesthésie anesthetic
anesthésie anaesthetic
anesthésie anesthesia
anesthésie anaesthesia
gazeux gaseous
wembley wembley
baptisés baptised
baptisés baptized
baptisés christened
racistes racists
racistes racist
contrepoint counterpoint
vieira vieira
popo popo
aurèle aurèle
plantés planted
futuna futuna
condensation condensing
condensation condensation
frottement rubbing
frottement friction
remplies fulfilled
remplies filled
diouf diouf
vendetta feud
vendetta vendetta
hobbs hobbs
savannah savannah
appendice appendix
iván iván
perché perched
perché perché
piscines pools
tirana tirana
pesaro pesaro
brunner brunner
relancé revived
relancé relaunched
relancé restarted
isomères isomers
bastions strongholds
bastions bastions
gretchen gretchen
pompadour pompadour
semis sowing
semis seeding
semis seedlings
fuentes fuentes
négocié negotiated
boulonnais boulonnais
dentelle lace
déployée deployed
corot corot
mobilisés mobilised
mobilisés mobilized
trampoline trampoline
anxiété anxiety
systémique systemic
déterminées determined
isla isla
bracelet bracelet
bracelet wristband
raz raz
mystérieuses mysterious
maynard maynard
messi messi
michał michał
russel russel
russel russell
vêtue clothed
vêtue dressed
semer sowing
semer sow
wawrinka wawrinka
éventualité eventuality
danseuses dancers
diversifier diversifying
diversifier diversify
diversifier diversification
ethnographie ethnographie
vautour vulture
vautour vautour
phi phi
kirilenko kirilenko
alcalá alcalá
janette janette
thaïlandaise thai
wozniacki wozniacki
escargot escargot
escargot snail
matérialisme materialism
semblé seemed
candide candide
lauzon lauzon
automatisation automation
coopérer cooperating
coopérer cooperate
familia familia
lizzie lizzie
ark ark
dubai dubai
coincé stuck
coincé uptight
coincé trapped
trajectoires trajectories
gsm gsm
observable observable
henan henan
escargots snails
escargots snail
échangés exchanged
échangés traded
mea mea
hellas hellas
dujardin dujardin
défie defies
barrichello barrichello
melle miss
melle melle
usc usc
dodd dodd
rediffusion rerun
udc udc
mehmed mehmed
calculateur calculator
extrémistes extremist
extrémistes extremists
dislocation dislocation
sharif sharif
psc psc
psc sgp
gracie gracie
orchestrale orchestral
chabert chabert
oscillations oscillations
oscillations oscillation
vico vico
hartman hartman
balcons balconies
balcons balcony
charron charron
oscillation oscillating
oscillation oscillation
playhouse playhouse
snoop snoop
minaret minaret
highlanders highlanders
aggrave worsens
aggrave aggravates
paok paok
maudite cursed
lafitte lafitte
sure sure
elijah elijah
abi abi
glissant slippery
glissant sliding
gentile gentile
livingstone livingstone
corman corman
guérit heal
guérit heals
hippie hippie
hippie hippy
jody jody
assurément certainly
assurément definitely
memoria memoria
laiterie dairy
elsevier elsevier
approuvés approved
biche biche
biche deer
biche doe
excède exceeds
más más
guan guan
truites trout
provocateur provocative
provocateur defiant
provocateur provocateur
ararat ararat
degas degas
scénographe scenographer
factures invoices
factures bills
concordance concordance
surhumaine superhuman
méthodologique methodological
ely ely
raffarin raffarin
macy macy
flanagan flanagan
ludmila ludmila
ludmila lyudmila
gastón gastón
titi titi
hurlant hurlant
hurlant howling
hurlant screaming
délices delight
délices delicacies
délices delights
mendy mendy
wilander wilander
bouleversée upset
davout davout
fernandel fernandel
réquisitionné requisitioned
réquisitionné commandeered
monotone monotonous
monotone monotone
bak bak
thiago thiago
coder coder
coder encode
araneidae araneidae
ogden ogden
solennel solemn
ioan ioan
sollicités solicited
estrella estrella
maoïste maoist
lacrosse lacrosse
guêpes wasps
guêpes wasp
féminité femininity
féminité womanhood
felicia felicia
rff rff
kippour kippur
bilatérales bilateral
thorium thorium
insa insa
ewald ewald
maršíková maršíková
tribord starboard
lug lug
cumulée cumulative
kilkenny kilkenny
inversées inverted
excité excited
excité horny
beckham beckham
heike heike
silvana silvana
jenner jenner
immergé immersed
seán seán
evreux evreux
baur baur
ébène ebony
sicilia sicilia
blau blau
inadapté unsuitable
inadapté inadequate
cuisiner cook
cuisiner cooking
ncc ncc
traviata traviata
caracalla caracalla
carney carney
blockbuster blockbuster
playa playa
jost jost
heiner heiner
bento bento
overton overton
théatre theater
théatre theatre
castelnuovo castelnuovo
plummer plummer
gicquel gicquel
ovin ovine
guérilleros guerrillas
guérilleros guerillas
warburg warburg
pollux pollux
nava nava
alfortville alfortville
ackermann ackermann
istomin istomin
orozco orozco
hydroélectricité hydropower
hydroélectricité hydro
paisiblement peacefully
vimy vimy
loser loser
égoïsme selfishness
égoïsme selfish
lamentable pitiful
lamentable dismal
lamentable pathetic
lamentable lamentable
losey losey
matha matha
belém belém
loomis loomis
amender amend
amender amending
cutler cutler
tela tela
béchar béchar
rosewall rosewall
négociateurs negotiators
négociateurs negotiating
guida guida
baas baas
ayres ayres
subduction subduction
biłgoraj biłgoraj
mossad mossad
laurentiis laurentiis
tarifaire tariff
médicamenteux medicated
forains fairground
baran baran
cardo cardo
österreich österreich
valérian valérian
alun alun
grewia grewia
fervents fervent
salis salis
masako masako
sensoriels sensory
guérard guérard
disproportionnée disproportionate
matías matías
adami adami
abymes abymes
mcculloch mcculloch
opportunistes opportunist
opportunistes opportunistic
helsingborg helsingborg
matsuura matsuura
bonet bonet
rollo rollo
sauveteurs rescuers
sauveteurs rescue
bonnat bonnat
pierrepont pierrepont
arlberg arlberg
arreridj arreridj
sassi sassi
gramophone gramophone
caïman caiman
elan elan
béliveau béliveau
aslan aslan
abad abad
metroid metroid
clásica clásica
ueno ueno
structuralisme structuralism
malversations malfeasance
malversations malpractice
relativisme relativism
sociabilité sociability
alten alten
qualitatives qualitative
freebsd freebsd
dera dera
scar scar
polisario polisario
baigné bathed
décourage discourages
gélatine gelatin
gélatine gelatine
ayutthaya ayutthaya
años años
daphnis daphnis
altère alters
pemberton pemberton
zahra zahra
dominos dominoes
dominos dominos
dominos domino
insémination insemination
radiologique radiological
whitmore whitmore
câblage cabling
câblage wiring
quattrocento quattrocento
improviser improvise
improviser improvising
kagame kagame
iridium iridium
violeur rapist
répressive repressive
inexorablement inexorably
williamsburg williamsburg
velo velo
discriminatoires discriminatory
lesnar lesnar
giustiniani giustiniani
autocollants decals
autocollants sticker
autocollants stickers
nix nix
trinh trinh
haakon haakon
buen buen
mongo mongo
branagh branagh
bigard bigard
campobasso campobasso
magnificence magnificence
récidiviste recidivist
kazuki kazuki
agrégat aggregate
sru sru
perdante loser
heywood heywood
mowbray mowbray
becquerel becquerel
bujumbura bujumbura
corsair corsair
foote foote
vaginale vaginal
ventilateurs fans
ventilateurs fan
codées coded
neuhaus neuhaus
revendeurs resellers
revendeurs reseller
revendeurs dealers
revendeurs retailers
revendeurs dealer
jupiler jupiler
incrédulité disbelief
bavarder chatting
arellano arellano
oper oper
irréaliste unrealistic
altri altri
antonine antonine
inondés flooded
inondés inundated
toreros toreros
transbordement transshipment
transbordement transhipment
kateb kateb
implosion implosion
valentia valentia
monumenta monumenta
gata gata
ayacucho ayacucho
madara madara
acronymes acronyms
roper roper
dutt dutt
letteratura letteratura
atroces atrocious
playlist playlist
vigée vigée
extraordinairement extraordinarily
golovin golovin
droïdes droids
silurien silurian
amaru amaru
impropres unfit
farrugia farrugia
savy savy
microélectronique microelectronics
bregenz bregenz
klingon klingon
tsuji tsuji
ludmilla ludmilla
edita edita
republication republication
imbriqués nested
sinope sinope
thomsen thomsen
murrayfield murrayfield
shams shams
gandhara gandhara
zürcher zürcher
youssou youssou
léry léry
splendides splendid
frénétique frenzy
frénétique frantic
frénétique frenzied
vallee vallee
lugubre gloomy
lugubre dismal
lampedusa lampedusa
sif ris
sif sif
jacque jacque
evgenia evgenia
uther uther
pulaski pulaski
künstler künstler
ballo ballo
jágr jágr
basal basal
bossi bossi
serranía serranía
carrere carrere
rafi rafi
hito hito
lillestrøm lillestrøm
torricelli torricelli
kunsthaus kunsthaus
babeuf babeuf
kot kot
mago mago
banshees banshees
tutoriels tutorials
hincapie hincapie
mok mok
ivens ivens
vytautas vytautas
jalousies jealousies
mrkos mrkos
békés békés
victorias victorias
travailleuse hardworking
travailleuse worker
dionisio dionisio
nimbus nimbus
noboru noboru
gmc gmc
burch burch
jarama jarama
gainsborough gainsborough
atar atar
middletown middletown
lustig lustig
constipation constipation
yoshizawa yoshizawa
romanzo romanzo
katsura katsura
craquage cracked
craquage cracking
troïka troika
buuren buuren
qwerty qwerty
southport southport
tarango tarango
sylvatica sylvatica
noticias noticias
inocybe inocybe
chickering chickering
machu machu
admirables admirable
oglio oglio
regi regi
ellesmere ellesmere
etoiles star
etoiles stars
mélanine melanin
exorbitant exorbitant
blaue blaue
amata amata
quantitatifs quantitative
orelsan orelsan
garman garman
anagni anagni
carus carus
malouda malouda
skatepark skatepark
réorganisations reorganisations
akihito akihito
decumanus decumanus
clarice clarice
récessif recessive
cautionnement bonding
cautionnement bond
olhanense olhanense
écoutille hatch
westfield westfield
nuri nuri
vanzetti vanzetti
manoeuvre maneuver
manoeuvre manoeuvre
casco casco
yoshitsune yoshitsune
paupière eyelid
frederiksen frederiksen
euwe euwe
gradients gradients
edizione edizione
grandmaster grandmaster
chagas chagas
chadli chadli
atwater atwater
pressman pressman
castanea castanea
neurochirurgie neurosurgery
keizer keizer
osb osb
kreutzmann kreutzmann
hrdličková hrdličková
quadra quadra
sundowns sundowns
minette minette
minette kitty
réitéré reiterated
hypothécaire mortgage
matthey matthey
eusébio eusébio
huisman huisman
tendrement tenderly
styrène styrene
parrainer sponsoring
parrainer sponsor
carotide carotid
metropole metropole
trutnov trutnov
spicer spicer
tumba tumba
calabrese calabrese
jacks jacks
lod lod
sandford sandford
cycas cycas
manchettes headlines
manchettes cuffs
transfusions transfusions
transfusions transfusion
gràcia gràcia
veneta veneta
kazuhiro kazuhiro
szent szent
rove rove
aed aed
hulin hulin
cândido cândido
marosi marosi
slough slough
giorgione giorgione
kiernan kiernan
haredim haredim
signez sign
paralytique paralytic
nevsky nevsky
ihs ihs
khadija khadija
borut borut
ldap ldap
nandi nandi
wagga wagga
jaxa jaxa
ottorino ottorino
filius filius
tiergarten tiergarten
møre møre
gangan gangan
tilley tilley
dispersant dispersant
tomino tomino
bluth bluth
forni forni
corroborée corroborated
românia românia
rabindranath rabindranath
genealogie genealogie
khagan khagan
abf abf
vidés drained
vidés emptied
hakata hakata
byu byu
adrianna adrianna
esparza esparza
palustre palustre
herri herri
tsukasa tsukasa
judaica judaica
teleki teleki
hartland hartland
braithwaite braithwaite
topkapi topkapi
greenwald greenwald
isham isham
antonie antonie
reales reales
wissen wissen
trost trost
inflammations inflammation
criciúma criciúma
apogon apogon
nusa nusa
velásquez velásquez
hamadryas hamadryas
monckton monckton
heteropoda heteropoda
nessa nessa
yaka yaka
brunette brunette
pontificia pontificia
brainiac brainiac
bayerischer bayerischer
transnationale transnational
nantis haves
bertel bertel
furillo furillo
conchobair conchobair
durbin durbin
yên yên
niedermeyer niedermeyer
sdram sdram
heo heo
lafortune lafortune
chevalley chevalley
escaladé climbed
vittata vittata
halos halos
ism ism
regardées watched
tohoku tohoku
cls cls
haggerty haggerty
lvi lvi
pouliches pouliches
lapd lapd
furlong furlong
chesnokov chesnokov
baumbach baumbach
dsq dsq
viera viera
cous necks
reali reali
pedroso pedroso
sacri sacri
olmert olmert
schillinger schillinger
thar thar
citrouilles pumpkins
citrouilles pumpkin
nyingma nyingma
grignard grignard
vina vina
dritten dritten
acari acari
imhoff imhoff
fibe fibe
cinemagic cinemagic
reiche reiche
starman starman
venizelos venizelos
earhart earhart
szilágyi szilágyi
flamsteed flamsteed
gwh gwh
saltzman saltzman
simi simi
toowoomba toowoomba
matheus matheus
stampe stampe
gréta gréta
breyer breyer
biju biju
ratsiraka ratsiraka
westen westen
moers moers
gorin gorin
filipović filipović
doriath doriath
alcedinidae alcedinidae
playbook playbook
bassine basin
shylock shylock
ldp ldp
altamirano altamirano
obrecht obrecht
stabilisées stabilized
stabilisées stabilised
savić savić
marka marka
panoz panoz
tusi tusi
impérieux compelling
impérieux imperative
heise heise
selleck selleck
friesz friesz
mayorga mayorga
krugman krugman
huileux oily
brevetabilité patenting
brevetabilité patentability
luzia luzia
contextuelles contextual
redonda redonda
laverie laundromat
laverie laundry
ramo ramo
borba borba
psychologies psychologies
portalegre portalegre
koolhaas koolhaas
krist krist
meda meda
takemitsu takemitsu
jubal jubal
couchette berth
couchette bunk
couchette sleeper
cdk cdk
batthyány batthyány
zydeco zydeco
muntz muntz
jokinen jokinen
metra metra
přerov přerov
mohandas mohandas
royston royston
mariné marinated
hölder hölder
animatronics animatronics
vacca vacca
soulfly soulfly
aert aert
diggle diggle
facturé billed
surestimé overrated
surestimé overestimated
palmeri palmeri
foshan foshan
geno geno
giani giani
campobello campobello
hanni hanni
ilinden ilinden
barito barito
spaulding spaulding
mladenovac mladenovac
luria luria
awacs awacs
kerri kerri
majin majin
burri burri
chancelante faltering
quale quale
agustawestland agustawestland
mcgonagall mcgonagall
gesammelte gesammelte
mcdormand mcdormand
kenosha kenosha
charif sharif
cossiga cossiga
reyne reyne
unl unl
koons koons
sqlite sqlite
brc brc
meriwether meriwether
gorod gorod
hochzeit hochzeit
scruggs scruggs
elg elg
gossett gossett
soutirage racking
santucci santucci
staphylocoque staph
bayram bayram
ruh ruh
sédimentologie sedimentology
kilwa kilwa
folha folha
inhalé inhaled
inhalé inhalation
illiger illiger
tfe tfe
takeshita takeshita
maersk maersk
surpâturage overgrazing
elefant elefant
zetian zetian
doba doba
partitas partitas
ramble ramble
haletant panting
haletant gasping
vorskla vorskla
tacca tacca
eliana eliana
analytes analytes
mdd mdd
dinesh dinesh
marsch marsch
magiquement magically
gatiss gatiss
gangneung gangneung
bamford bamford
scheid scheid
ture ture
pilbara pilbara
fundació fundació
bering bering
hedmark hedmark
elstree elstree
howson howson
pezzi pezzi
ballantyne ballantyne
garan garan
eleison eleison
tishri tishri
chula chula
telavi telavi
twardowski twardowski
nanyang nanyang
donnas donnas
fairlie fairlie
alef alef
ruthie ruthie
buzek buzek
rolston rolston
tourmaline tourmaline
invierno invierno
martim martim
machos machos
atpase atpase
intello geek
intello nerd
cuoco cuoco
hdc hdc
egyptair egyptair
török török
harwich harwich
serlio serlio
tsing tsing
boselli boselli
volare volare
herndon herndon
longacre longacre
loye loye
kröger kröger
sorg sorg
utaka utaka
ikarus ikarus
cipr icrp
azim azim
slezak slezak
lynley lynley
burghausen burghausen
scharff scharff
lanata lanata
ajourner adjourn
rugissement roar
taunay taunay
döbling döbling
buton buton
bullen bullen
fiévreux feverish
novik novik
clubbing clubbing
réaffirment reaffirm
hochwald hochwald
atratus atratus
fatman fatman
efflorescence efflorescence
lytle lytle
pyo pyo
doon doon
haarlemmermeer haarlemmermeer
noueux gnarly
étouffés muffled
shikari shikari
beslan beslan
youlou youlou
nelo nelo
hba hba
kamieniec kamieniec
gifhorn gifhorn
romanova romanova
sneek sneek
stena stena
cattani cattani
aldan aldan
showman showman
tvt tvt
pharmacovigilance pharmacovigilance
boh boh
šarūnas šarūnas
tuilagi tuilagi
afarensis afarensis
opencl opencl
buchwald buchwald
allègue alleges
papules papules
jöns jöns
steichen steichen
hirscher hirscher
elroy elroy
lona lona
puritani puritani
déplaisante distasteful
déplaisante unpleasant
querfurt querfurt
behan behan
skt skt
newtype newtype
maidenhead maidenhead
ofer ofer
hermia hermia
eggers eggers
roadie roadie
sidra sidra
hader hader
kosugi kosugi
nsv nsv
fargas fargas
idc idc
spahn spahn
gorgées sips
circaetus circaetus
mallett mallett
kunihiko kunihiko
omv omv
cajuns cajuns
brookesia brookesia
quiller quiller
bouillonnant bubbling
pohjola pohjola
pinchot pinchot
panellinios panellinios
murchad murchad
barot barot
kemboi kemboi
yatsugatake yatsugatake
willaumez willaumez
kuźnica kuźnica
nudum nudum
riego riego
chanute chanute
sangay sangay
gits gits
déposants depositor
déposants depositors
uid uid
ahlquist ahlquist
lunule lunule
warnes warnes
nazario nazario
warblers warblers
yunlei yunlei
sverdlov sverdlov
giugiaro giugiaro
tignish tignish
aeterna aeterna
gooch gooch
himno himno
bluesbreakers bluesbreakers
chiropratique chiropractic
dyskobolia dyskobolia
ghi ghi
oja oja
lunules lunules
fothergill fothergill
mirek mirek
sérénades serenades
carso carso
lapo lapo
mcleish mcleish
alcañiz alcañiz
sibel sibel
ladrones ladrones
rædwald rædwald
fio fio
windsurf windsurfing
musumeci musumeci
stagg stagg
eglin eglin
chertsey chertsey
festen festen
müritz müritz
nykøbing nykøbing
vardon vardon
neglectus neglectus
nineties nineties
gianpaolo gianpaolo
bohuslän bohuslän
corylus corylus
börde börde
laxa laxa
yosuke yosuke
stiefel stiefel
kirkkonummi kirkkonummi
doberan doberan
mcsorley mcsorley
teikoku teikoku
ax^ ax^
hristov hristov
virovitica virovitica
burkholderia burkholderia
buz buz
fantasmer fantasizing
fantasmer fantasize
stonyhurst stonyhurst
fraseri fraseri
bigg bigg
malindi malindi
huxtable huxtable
iph hpi
atangana atangana
bangla bangla
variétale varietal
lamego lamego
wildrose wildrose
occulta occulta
mfg mfg
bandeirante bandeirante
calea calea
rødovre rødovre
calama calama
severi severi
nymphenburg nymphenburg
oulun oulun
butleri butleri
sabaton sabaton
rossell rossell
steinkjer steinkjer
pittoni pittoni
nudiste nudist
ohang ohang
elisabeta elisabeta
undine undine
registro registro
babeurre buttermilk
kgroup kgroup
naye naye
michoacan michoacan
dépecer skinning
ailey ailey
zakat zakat
lantau lantau
mcduffie mcduffie
teseo teseo
pálsson pálsson
dugald dugald
massepain marzipan
proprioception proprioception
abela abela
cech cech
pigozzi pigozzi
simorgh simorgh
yaba yaba
chevrolat chevrolat
patriarca patriarca
bodman bodman
texarkana texarkana
zillertal zillertal
vde vde
cableace cableace
cinclodes cinclodes
gayatri gayatri
catolica catolica
carchi carchi
hyer hyer
ehle ehle
aspa aspa
quoque quoque
belpaire belpaire
denk denk
leonberg leonberg
sharpeville sharpeville
singapouriens singaporeans
singapouriens singaporean
pronger pronger
rpdc dprk
vincenz vincenz
bracteata bracteata
watani watani
kaja kaja
schary schary
dihydrate dihydrate
épater impress
minutos minutos
dinwiddie dinwiddie
herberger herberger
sojourner sojourner
cossypha cossypha
sturmovik sturmovik
longicaudatus longicaudatus
podgórze podgórze
milivoje milivoje
barracas barracas
kindt kindt
milanov milanov
deinosuchus deinosuchus
kameda kameda
bgl bgl
scio scio
seely seely
caba caba
madine madine
rétinopathie retinopathy
stanag stanag
leeroy leeroy
mawlid mawlid
raksin raksin
nilgiri nilgiri
garn garn
mengen mengen
kariba kariba
brasher brasher
gypsys gypsys
nahin nahin
baratta baratta
ikaria ikaria
verme verme
anelosimus anelosimus
entella entella
aphrodisias aphrodisias
chunichi chunichi
claas claas
volozhin volozhin
hietzing hietzing
guofeng guofeng
hurter hurter
sandown sandown
liuzhou liuzhou
kahana kahana
siddall siddall
manang manang
huilé oiled
pricewaterhousecoopers pricewaterhousecoopers
terr terr
velen velen
divini divini
matriz matriz
ddh ddh
coloc roommate
spline spline
ghatak ghatak
zestafoni zestafoni
année, year,
cratons cratons
ricca ricca
flim flim
wyer wyer
jastrzębski jastrzębski
carstensz carstensz
okey okey
mémos memos
justiciar justiciar
athonite athonite
donata donata
giselbert giselbert
condominiums condominiums
gunton gunton
pharm pharm
hermida hermida
lukić lukić
dgg dgg
miep miep
remora remora
barger barger
čkd čkd
isthmiques isthmian
samuelsen samuelsen
jerrod jerrod
tgm tgm
waerden waerden
zipaquirá zipaquirá
pašanski pašanski
rodica rodica
pericrocotus pericrocotus
staaten staaten
christum christum
wolfmother wolfmother
edem edem
boryspil boryspil
ryden ryden
montebelluna montebelluna
lumpkin lumpkin
giada giada
chifley chifley
skoog skoog
maravillas maravillas
tetley tetley
rijswijk rijswijk
vampira vampira
nedim nedim
mehboob mehboob
ortegal ortegal
ccnucc unfccc
jayce jayce
serginho serginho
witwer witwer
dunleavy dunleavy
mitsuyoshi mitsuyoshi
déflationniste deflationary
llave llave
gnuplot gnuplot
townsendi townsendi
deme deme
stéatose steatosis
lettie lettie
greenlee greenlee
frahm frahm
sabio sabio
alroy alroy
yli yli
kangra kangra
mavro mavro
kojo kojo
dgb dgb
ifukube ifukube
barriga barriga
bytown bytown
wsu wsu
nishina nishina
heman heman
skyzoo skyzoo
fep vet
fep fep
fep eff
bhamo bhamo
deidamia deidamia
stryï stryi
buju buju
pinellas pinellas
terrel terrel
goodridge goodridge
praya praya
vuelo vuelo
goulets bottlenecks
kitching kitching
hiiragi hiiragi
santisteban santisteban
kist kist
syénite syenite
ppo ppo
grantley grantley
